games,learning_rate,discount,average_moves
1000,0,0,95.52
1000,0,0.02,95.7
1000,0,0.04,95.52
1000,0,0.06,95.56
1000,0,0.08,95.62
1000,0,0.1,95.12
1000,0,0.12,95.22
1000,0,0.14,95.39
1000,0,0.16,95.38
1000,0,0.18,95.42
1000,0,0.2,95.52
1000,0,0.22,95.33
1000,0,0.24,95.18
1000,0,0.26,95.4
1000,0,0.28,95.41
1000,0,0.3,95.54
1000,0,0.32,95.43
1000,0,0.34,95.42
1000,0,0.36,95.39
1000,0,0.38,95.06
1000,0,0.4,95.56
1000,0,0.42,95.56
1000,0,0.44,95.44
1000,0,0.46,95.25
1000,0,0.48,95.58
1000,0,0.5,95.35
1000,0,0.52,95.34
1000,0,0.54,95.73
1000,0,0.56,95.46
1000,0,0.58,95.49
1000,0,0.6,95.39
1000,0,0.62,95.45
1000,0,0.64,95.51
1000,0,0.66,95.41
1000,0,0.68,95.37
1000,0,0.7,95.06
1000,0,0.72,95.43
1000,0,0.74,95.45
1000,0,0.76,95.19
1000,0,0.78,95.69
1000,0,0.8,95.28
1000,0,0.82,95.27
1000,0,0.84,95.19
1000,0,0.86,95.42
1000,0,0.88,95.36
1000,0,0.9,95.26
1000,0,0.92,95.29
1000,0,0.94,95.4
1000,0,0.96,95.18
1000,0,0.98,95.62
1000,0,1.0,95.51
1000,0,1.02,95.66
1000,0,1.04,95.39
1000,0,1.06,95.48
1000,0,1.08,95.18
1000,0.02,0,95.5
1000,0.02,0.02,95.37
1000,0.02,0.04,95.14
1000,0.02,0.06,95.42
1000,0.02,0.08,95.47
1000,0.02,0.1,95.46
1000,0.02,0.12,95.14
1000,0.02,0.14,95.42
1000,0.02,0.16,95.55
1000,0.02,0.18,95.33
1000,0.02,0.2,95.38
1000,0.02,0.22,95.39
1000,0.02,0.24,95.18
1000,0.02,0.26,95.73
1000,0.02,0.28,95.32
1000,0.02,0.3,95.3
1000,0.02,0.32,95.09
1000,0.02,0.34,95.44
1000,0.02,0.36,95.48
1000,0.02,0.38,95.44
1000,0.02,0.4,95.27
1000,0.02,0.42,95.66
1000,0.02,0.44,95.45
1000,0.02,0.46,95.28
1000,0.02,0.48,95.53
1000,0.02,0.5,95.25
1000,0.02,0.52,95.51
1000,0.02,0.54,95.31
1000,0.02,0.56,95.34
1000,0.02,0.58,95.58
1000,0.02,0.6,95.2
1000,0.02,0.62,95.5
1000,0.02,0.64,95.47
1000,0.02,0.66,95.11
1000,0.02,0.68,95.57
1000,0.02,0.7,95.49
1000,0.02,0.72,95.38
1000,0.02,0.74,95.42
1000,0.02,0.76,95.41
1000,0.02,0.78,95.27
1000,0.02,0.8,95.34
1000,0.02,0.82,95.58
1000,0.02,0.84,95.49
1000,0.02,0.86,95.08
1000,0.02,0.88,95.63
1000,0.02,0.9,95.23
1000,0.02,0.92,95.39
1000,0.02,0.94,95.31
1000,0.02,0.96,95.31
1000,0.02,0.98,95.34
1000,0.02,1.0,95.4
1000,0.02,1.02,95.35
1000,0.02,1.04,95.36
1000,0.02,1.06,95.66
1000,0.02,1.08,95.57
1000,0.04,0,95.44
1000,0.04,0.02,95.46
1000,0.04,0.04,95.42
1000,0.04,0.06,95.25
1000,0.04,0.08,95.26
1000,0.04,0.1,95.68
1000,0.04,0.12,95.29
1000,0.04,0.14,95.44
1000,0.04,0.16,95.6
1000,0.04,0.18,95.51
1000,0.04,0.2,95.24
1000,0.04,0.22,95.45
1000,0.04,0.24,95.48
1000,0.04,0.26,95.22
1000,0.04,0.28,95.34
1000,0.04,0.3,95.33
1000,0.04,0.32,95.66
1000,0.04,0.34,95.2
1000,0.04,0.36,95.36
1000,0.04,0.38,95.45
1000,0.04,0.4,95.49
1000,0.04,0.42,95.47
1000,0.04,0.44,95.46
1000,0.04,0.46,95.77
1000,0.04,0.48,95.56
1000,0.04,0.5,95.44
1000,0.04,0.52,95.32
1000,0.04,0.54,95.2
1000,0.04,0.56,95.61
1000,0.04,0.58,95.28
1000,0.04,0.6,95.47
1000,0.04,0.62,95.25
1000,0.04,0.64,95.45
1000,0.04,0.66,95.43
1000,0.04,0.68,95.45
1000,0.04,0.7,95.37
1000,0.04,0.72,95.37
1000,0.04,0.74,95.17
1000,0.04,0.76,95.51
1000,0.04,0.78,95.21
1000,0.04,0.8,95.21
1000,0.04,0.82,95.46
1000,0.04,0.84,95.43
1000,0.04,0.86,95.36
1000,0.04,0.88,95.23
1000,0.04,0.9,95.42
1000,0.04,0.92,95.41
1000,0.04,0.94,95.52
1000,0.04,0.96,95.22
1000,0.04,0.98,95.27
1000,0.04,1.0,95.35
1000,0.04,1.02,95.24
1000,0.04,1.04,95.18
1000,0.04,1.06,95.45
1000,0.04,1.08,95.44
1000,0.06,0,95.3
1000,0.06,0.02,95.32
1000,0.06,0.04,95.46
1000,0.06,0.06,95.4
1000,0.06,0.08,95.49
1000,0.06,0.1,95.62
1000,0.06,0.12,95.26
1000,0.06,0.14,95.52
1000,0.06,0.16,95.49
1000,0.06,0.18,95.52
1000,0.06,0.2,95.58
1000,0.06,0.22,95.46
1000,0.06,0.24,95.22
1000,0.06,0.26,95.36
1000,0.06,0.28,95.43
1000,0.06,0.3,95.31
1000,0.06,0.32,95.31
1000,0.06,0.34,95.73
1000,0.06,0.36,95.69
1000,0.06,0.38,95.34
1000,0.06,0.4,95.32
1000,0.06,0.42,94.98
1000,0.06,0.44,95.33
1000,0.06,0.46,95.51
1000,0.06,0.48,95.25
1000,0.06,0.5,95.51
1000,0.06,0.52,95.75
1000,0.06,0.54,95.37
1000,0.06,0.56,95.61
1000,0.06,0.58,95.3
1000,0.06,0.6,95.35
1000,0.06,0.62,95.57
1000,0.06,0.64,95.0
1000,0.06,0.66,95.46
1000,0.06,0.68,95.53
1000,0.06,0.7,95.51
1000,0.06,0.72,95.34
1000,0.06,0.74,95.54
1000,0.06,0.76,95.45
1000,0.06,0.78,95.26
1000,0.06,0.8,95.35
1000,0.06,0.82,95.52
1000,0.06,0.84,95.29
1000,0.06,0.86,95.53
1000,0.06,0.88,95.51
1000,0.06,0.9,95.64
1000,0.06,0.92,95.39
1000,0.06,0.94,95.25
1000,0.06,0.96,95.18
1000,0.06,0.98,95.65
1000,0.06,1.0,95.37
1000,0.06,1.02,95.43
1000,0.06,1.04,95.55
1000,0.06,1.06,95.12
1000,0.06,1.08,95.36
1000,0.08,0,95.32
1000,0.08,0.02,95.5
1000,0.08,0.04,95.17
1000,0.08,0.06,95.55
1000,0.08,0.08,95.23
1000,0.08,0.1,95.35
1000,0.08,0.12,95.51
1000,0.08,0.14,95.11
1000,0.08,0.16,95.33
1000,0.08,0.18,95.24
1000,0.08,0.2,95.21
1000,0.08,0.22,95.09
1000,0.08,0.24,95.51
1000,0.08,0.26,95.58
1000,0.08,0.28,95.55
1000,0.08,0.3,95.45
1000,0.08,0.32,95.7
1000,0.08,0.34,95.44
1000,0.08,0.36,95.5
1000,0.08,0.38,95.44
1000,0.08,0.4,95.21
1000,0.08,0.42,95.66
1000,0.08,0.44,95.2
1000,0.08,0.46,95.37
1000,0.08,0.48,95.28
1000,0.08,0.5,95.25
1000,0.08,0.52,95.3
1000,0.08,0.54,95.36
1000,0.08,0.56,95.28
1000,0.08,0.58,95.58
1000,0.08,0.6,95.55
1000,0.08,0.62,95.08
1000,0.08,0.64,95.36
1000,0.08,0.66,95.2
1000,0.08,0.68,95.7
1000,0.08,0.7,95.4
1000,0.08,0.72,95.09
1000,0.08,0.74,95.54
1000,0.08,0.76,95.23
1000,0.08,0.78,95.42
1000,0.08,0.8,95.37
1000,0.08,0.82,95.49
1000,0.08,0.84,95.44
1000,0.08,0.86,95.02
1000,0.08,0.88,95.4
1000,0.08,0.9,95.32
1000,0.08,0.92,95.56
1000,0.08,0.94,95.27
1000,0.08,0.96,95.34
1000,0.08,0.98,95.22
1000,0.08,1.0,95.58
1000,0.08,1.02,95.39
1000,0.08,1.04,95.38
1000,0.08,1.06,95.46
1000,0.08,1.08,95.53
1000,0.1,0,65.13
1000,0.1,0.02,65.79
1000,0.1,0.04,65.36
1000,0.1,0.06,65.28
1000,0.1,0.08,66.21
1000,0.1,0.1,66.34
1000,0.1,0.12,65.56
1000,0.1,0.14,65.91
1000,0.1,0.16,65.79
1000,0.1,0.18,65.44
1000,0.1,0.2,66.0
1000,0.1,0.22,65.64
1000,0.1,0.24,65.41
1000,0.1,0.26,65.96
1000,0.1,0.28,65.75
1000,0.1,0.3,65.46
1000,0.1,0.32,65.59
1000,0.1,0.34,65.45
1000,0.1,0.36,64.95
1000,0.1,0.38,65.47
1000,0.1,0.4,66.09
1000,0.1,0.42,65.71
1000,0.1,0.44,65.19
1000,0.1,0.46,65.34
1000,0.1,0.48,65.76
1000,0.1,0.5,65.74
1000,0.1,0.52,65.14
1000,0.1,0.54,65.17
1000,0.1,0.56,66.3
1000,0.1,0.58,65.78
1000,0.1,0.6,65.77
1000,0.1,0.62,65.87
1000,0.1,0.64,65.07
1000,0.1,0.66,65.24
1000,0.1,0.68,66.31
1000,0.1,0.7,65.26
1000,0.1,0.72,65.08
1000,0.1,0.74,66.19
1000,0.1,0.76,65.37
1000,0.1,0.78,65.5
1000,0.1,0.8,65.3
1000,0.1,0.82,65.58
1000,0.1,0.84,64.72
1000,0.1,0.86,66.4
1000,0.1,0.88,65.79
1000,0.1,0.9,66.1
1000,0.1,0.92,65.86
1000,0.1,0.94,65.25
1000,0.1,0.96,64.87
1000,0.1,0.98,65.78
1000,0.1,1.0,65.98
1000,0.1,1.02,64.98
1000,0.1,1.04,65.31
1000,0.1,1.06,65.84
1000,0.1,1.08,65.79
1000,0.12,0,65.9
1000,0.12,0.02,65.54
1000,0.12,0.04,65.39
1000,0.12,0.06,65.24
1000,0.12,0.08,64.89
1000,0.12,0.1,65.18
1000,0.12,0.12,66.13
1000,0.12,0.14,65.57
1000,0.12,0.16,65.4
1000,0.12,0.18,65.62
1000,0.12,0.2,65.06
1000,0.12,0.22,65.3
1000,0.12,0.24,65.22
1000,0.12,0.26,65.69
1000,0.12,0.28,65.14
1000,0.12,0.3,65.36
1000,0.12,0.32,64.99
1000,0.12,0.34,66.25
1000,0.12,0.36,65.61
1000,0.12,0.38,64.92
1000,0.12,0.4,65.62
1000,0.12,0.42,65.81
1000,0.12,0.44,66.16
1000,0.12,0.46,66.17
1000,0.12,0.48,66.35
1000,0.12,0.5,65.85
1000,0.12,0.52,65.01
1000,0.12,0.54,65.38
1000,0.12,0.56,64.86
1000,0.12,0.58,66.4
1000,0.12,0.6,65.72
1000,0.12,0.62,66.11
1000,0.12,0.64,65.11
1000,0.12,0.66,65.71
1000,0.12,0.68,65.56
1000,0.12,0.7,65.33
1000,0.12,0.72,66.03
1000,0.12,0.74,65.15
1000,0.12,0.76,65.34
1000,0.12,0.78,64.96
1000,0.12,0.8,65.33
1000,0.12,0.82,65.38
1000,0.12,0.84,65.4
1000,0.12,0.86,65.46
1000,0.12,0.88,65.19
1000,0.12,0.9,65.58
1000,0.12,0.92,65.39
1000,0.12,0.94,65.78
1000,0.12,0.96,65.15
1000,0.12,0.98,65.22
1000,0.12,1.0,65.78
1000,0.12,1.02,65.24
1000,0.12,1.04,65.08
1000,0.12,1.06,65.26
1000,0.12,1.08,65.28
1000,0.14,0,65.59
1000,0.14,0.02,65.23
1000,0.14,0.04,65.46
1000,0.14,0.06,65.9
1000,0.14,0.08,65.35
1000,0.14,0.1,65.85
1000,0.14,0.12,65.48
1000,0.14,0.14,66.02
1000,0.14,0.16,65.83
1000,0.14,0.18,65.94
1000,0.14,0.2,65.39
1000,0.14,0.22,65.61
1000,0.14,0.24,65.66
1000,0.14,0.26,65.7
1000,0.14,0.28,65.23
1000,0.14,0.3,65.78
1000,0.14,0.32,65.46
1000,0.14,0.34,65.25
1000,0.14,0.36,64.82
1000,0.14,0.38,65.45
1000,0.14,0.4,65.29
1000,0.14,0.42,65.41
1000,0.14,0.44,65.22
1000,0.14,0.46,65.35
1000,0.14,0.48,65.72
1000,0.14,0.5,65.58
1000,0.14,0.52,65.28
1000,0.14,0.54,66.5
1000,0.14,0.56,65.64
1000,0.14,0.58,65.3
1000,0.14,0.6,65.69
1000,0.14,0.62,65.87
1000,0.14,0.64,65.26
1000,0.14,0.66,65.1
1000,0.14,0.68,65.3
1000,0.14,0.7,65.61
1000,0.14,0.72,66.04
1000,0.14,0.74,65.9
1000,0.14,0.76,65.66
1000,0.14,0.78,65.93
1000,0.14,0.8,66.04
1000,0.14,0.82,65.49
1000,0.14,0.84,65.96
1000,0.14,0.86,65.29
1000,0.14,0.88,65.59
1000,0.14,0.9,65.81
1000,0.14,0.92,65.85
1000,0.14,0.94,65.63
1000,0.14,0.96,65.0
1000,0.14,0.98,65.43
1000,0.14,1.0,65.31
1000,0.14,1.02,65.4
1000,0.14,1.04,65.87
1000,0.14,1.06,66.19
1000,0.14,1.08,66.02
1000,0.16,0,65.72
1000,0.16,0.02,65.65
1000,0.16,0.04,65.54
1000,0.16,0.06,66.7
1000,0.16,0.08,64.76
1000,0.16,0.1,65.65
1000,0.16,0.12,65.6
1000,0.16,0.14,64.81
1000,0.16,0.16,64.67
1000,0.16,0.18,66.29
1000,0.16,0.2,65.12
1000,0.16,0.22,65.2
1000,0.16,0.24,65.6
1000,0.16,0.26,65.76
1000,0.16,0.28,64.87
1000,0.16,0.3,65.83
1000,0.16,0.32,65.44
1000,0.16,0.34,66.08
1000,0.16,0.36,66.06
1000,0.16,0.38,66.08
1000,0.16,0.4,65.5
1000,0.16,0.42,65.48
1000,0.16,0.44,65.46
1000,0.16,0.46,65.52
1000,0.16,0.48,65.52
1000,0.16,0.5,65.96
1000,0.16,0.52,65.88
1000,0.16,0.54,65.65
1000,0.16,0.56,65.99
1000,0.16,0.58,65.3
1000,0.16,0.6,65.61
1000,0.16,0.62,65.77
1000,0.16,0.64,65.35
1000,0.16,0.66,65.74
1000,0.16,0.68,65.79
1000,0.16,0.7,65.52
1000,0.16,0.72,65.22
1000,0.16,0.74,65.97
1000,0.16,0.76,65.35
1000,0.16,0.78,65.28
1000,0.16,0.8,66.68
1000,0.16,0.82,65.31
1000,0.16,0.84,65.95
1000,0.16,0.86,65.52
1000,0.16,0.88,66.03
1000,0.16,0.9,65.63
1000,0.16,0.92,66.03
1000,0.16,0.94,65.59
1000,0.16,0.96,65.55
1000,0.16,0.98,65.47
1000,0.16,1.0,65.61
1000,0.16,1.02,65.83
1000,0.16,1.04,66.59
1000,0.16,1.06,65.84
1000,0.16,1.08,65.77
1000,0.18,0,65.14
1000,0.18,0.02,65.12
1000,0.18,0.04,65.64
1000,0.18,0.06,66.11
1000,0.18,0.08,64.71
1000,0.18,0.1,64.76
1000,0.18,0.12,65.45
1000,0.18,0.14,65.36
1000,0.18,0.16,65.35
1000,0.18,0.18,65.64
1000,0.18,0.2,64.87
1000,0.18,0.22,66.25
1000,0.18,0.24,65.55
1000,0.18,0.26,65.93
1000,0.18,0.28,65.87
1000,0.18,0.3,65.44
1000,0.18,0.32,65.84
1000,0.18,0.34,66.2
1000,0.18,0.36,65.16
1000,0.18,0.38,66.02
1000,0.18,0.4,65.5
1000,0.18,0.42,65.69
1000,0.18,0.44,65.48
1000,0.18,0.46,65.5
1000,0.18,0.48,66.0
1000,0.18,0.5,65.77
1000,0.18,0.52,66.31
1000,0.18,0.54,65.4
1000,0.18,0.56,65.06
1000,0.18,0.58,64.86
1000,0.18,0.6,65.12
1000,0.18,0.62,65.62
1000,0.18,0.64,65.61
1000,0.18,0.66,65.86
1000,0.18,0.68,66.35
1000,0.18,0.7,65.36
1000,0.18,0.72,65.08
1000,0.18,0.74,65.45
1000,0.18,0.76,65.43
1000,0.18,0.78,65.15
1000,0.18,0.8,65.28
1000,0.18,0.82,65.54
1000,0.18,0.84,66.11
1000,0.18,0.86,65.5
1000,0.18,0.88,65.37
1000,0.18,0.9,65.57
1000,0.18,0.92,65.63
1000,0.18,0.94,65.39
1000,0.18,0.96,65.83
1000,0.18,0.98,65.9
1000,0.18,1.0,65.8
1000,0.18,1.02,65.21
1000,0.18,1.04,65.67
1000,0.18,1.06,65.13
1000,0.18,1.08,64.89
1000,0.2,0,65.49
1000,0.2,0.02,65.72
1000,0.2,0.04,65.02
1000,0.2,0.06,65.88
1000,0.2,0.08,64.65
1000,0.2,0.1,65.22
1000,0.2,0.12,65.96
1000,0.2,0.14,66.03
1000,0.2,0.16,66.05
1000,0.2,0.18,66.17
1000,0.2,0.2,65.79
1000,0.2,0.22,65.63
1000,0.2,0.24,66.0
1000,0.2,0.26,65.39
1000,0.2,0.28,65.45
1000,0.2,0.3,65.41
1000,0.2,0.32,65.81
1000,0.2,0.34,65.61
1000,0.2,0.36,65.54
1000,0.2,0.38,66.87
1000,0.2,0.4,65.57
1000,0.2,0.42,65.55
1000,0.2,0.44,65.9
1000,0.2,0.46,66.06
1000,0.2,0.48,65.35
1000,0.2,0.5,65.13
1000,0.2,0.52,65.22
1000,0.2,0.54,65.88
1000,0.2,0.56,65.3
1000,0.2,0.58,66.48
1000,0.2,0.6,65.63
1000,0.2,0.62,66.35
1000,0.2,0.64,65.21
1000,0.2,0.66,65.33
1000,0.2,0.68,65.54
1000,0.2,0.7,65.44
1000,0.2,0.72,65.55
1000,0.2,0.74,65.45
1000,0.2,0.76,65.02
1000,0.2,0.78,65.08
1000,0.2,0.8,64.55
1000,0.2,0.82,65.26
1000,0.2,0.84,65.96
1000,0.2,0.86,65.56
1000,0.2,0.88,65.98
1000,0.2,0.9,64.83
1000,0.2,0.92,66.25
1000,0.2,0.94,66.19
1000,0.2,0.96,65.25
1000,0.2,0.98,66.11
1000,0.2,1.0,66.06
1000,0.2,1.02,65.98
1000,0.2,1.04,64.84
1000,0.2,1.06,66.03
1000,0.2,1.08,66.12
1000,0.22,0,65.52
1000,0.22,0.02,65.75
1000,0.22,0.04,65.47
1000,0.22,0.06,64.55
1000,0.22,0.08,65.48
1000,0.22,0.1,65.65
1000,0.22,0.12,64.47
1000,0.22,0.14,65.45
1000,0.22,0.16,64.99
1000,0.22,0.18,64.81
1000,0.22,0.2,64.97
1000,0.22,0.22,66.17
1000,0.22,0.24,65.71
1000,0.22,0.26,65.26
1000,0.22,0.28,65.24
1000,0.22,0.3,65.49
1000,0.22,0.32,64.96
1000,0.22,0.34,65.34
1000,0.22,0.36,65.36
1000,0.22,0.38,64.67
1000,0.22,0.4,65.73
1000,0.22,0.42,65.69
1000,0.22,0.44,65.46
1000,0.22,0.46,65.24
1000,0.22,0.48,65.03
1000,0.22,0.5,65.25
1000,0.22,0.52,65.38
1000,0.22,0.54,65.03
1000,0.22,0.56,66.19
1000,0.22,0.58,65.56
1000,0.22,0.6,66.13
1000,0.22,0.62,65.01
1000,0.22,0.64,65.13
1000,0.22,0.66,65.37
1000,0.22,0.68,65.1
1000,0.22,0.7,65.8
1000,0.22,0.72,66.03
1000,0.22,0.74,64.71
1000,0.22,0.76,65.17
1000,0.22,0.78,65.17
1000,0.22,0.8,65.95
1000,0.22,0.82,66.04
1000,0.22,0.84,65.93
1000,0.22,0.86,65.6
1000,0.22,0.88,65.62
1000,0.22,0.9,65.52
1000,0.22,0.92,66.2
1000,0.22,0.94,65.25
1000,0.22,0.96,66.05
1000,0.22,0.98,65.33
1000,0.22,1.0,65.54
1000,0.22,1.02,65.64
1000,0.22,1.04,64.94
1000,0.22,1.06,65.4
1000,0.22,1.08,65.85
1000,0.24,0,65.47
1000,0.24,0.02,65.75
1000,0.24,0.04,64.84
1000,0.24,0.06,66.77
1000,0.24,0.08,65.59
1000,0.24,0.1,65.33
1000,0.24,0.12,65.94
1000,0.24,0.14,65.43
1000,0.24,0.16,65.3
1000,0.24,0.18,65.83
1000,0.24,0.2,65.66
1000,0.24,0.22,65.5
1000,0.24,0.24,65.32
1000,0.24,0.26,65.7
1000,0.24,0.28,65.59
1000,0.24,0.3,64.96
1000,0.24,0.32,65.77
1000,0.24,0.34,65.31
1000,0.24,0.36,65.64
1000,0.24,0.38,66.05
1000,0.24,0.4,65.53
1000,0.24,0.42,64.99
1000,0.24,0.44,65.16
1000,0.24,0.46,65.79
1000,0.24,0.48,65.78
1000,0.24,0.5,64.78
1000,0.24,0.52,65.8
1000,0.24,0.54,65.05
1000,0.24,0.56,64.78
1000,0.24,0.58,65.72
1000,0.24,0.6,65.74
1000,0.24,0.62,65.65
1000,0.24,0.64,65.47
1000,0.24,0.66,65.21
1000,0.24,0.68,65.59
1000,0.24,0.7,65.85
1000,0.24,0.72,65.77
1000,0.24,0.74,65.9
1000,0.24,0.76,65.88
1000,0.24,0.78,65.17
1000,0.24,0.8,66.22
1000,0.24,0.82,65.89
1000,0.24,0.84,65.68
1000,0.24,0.86,66.09
1000,0.24,0.88,65.04
1000,0.24,0.9,65.37
1000,0.24,0.92,65.5
1000,0.24,0.94,65.69
1000,0.24,0.96,65.92
1000,0.24,0.98,65.44
1000,0.24,1.0,65.46
1000,0.24,1.02,65.58
1000,0.24,1.04,65.24
1000,0.24,1.06,64.83
1000,0.24,1.08,64.89
1000,0.26,0,66.11
1000,0.26,0.02,65.53
1000,0.26,0.04,65.6
1000,0.26,0.06,66.1
1000,0.26,0.08,65.83
1000,0.26,0.1,66.78
1000,0.26,0.12,65.81
1000,0.26,0.14,66.04
1000,0.26,0.16,65.05
1000,0.26,0.18,65.78
1000,0.26,0.2,66.05
1000,0.26,0.22,65.26
1000,0.26,0.24,65.37
1000,0.26,0.26,64.38
1000,0.26,0.28,66.3
1000,0.26,0.3,65.56
1000,0.26,0.32,65.03
1000,0.26,0.34,65.36
1000,0.26,0.36,65.61
1000,0.26,0.38,65.56
1000,0.26,0.4,65.21
1000,0.26,0.42,65.61
1000,0.26,0.44,65.13
1000,0.26,0.46,65.36
1000,0.26,0.48,65.83
1000,0.26,0.5,65.65
1000,0.26,0.52,65.0
1000,0.26,0.54,65.11
1000,0.26,0.56,65.47
1000,0.26,0.58,65.89
1000,0.26,0.6,65.99
1000,0.26,0.62,64.98
1000,0.26,0.64,65.61
1000,0.26,0.66,66.14
1000,0.26,0.68,65.2
1000,0.26,0.7,66.07
1000,0.26,0.72,64.73
1000,0.26,0.74,65.87
1000,0.26,0.76,64.86
1000,0.26,0.78,65.37
1000,0.26,0.8,66.18
1000,0.26,0.82,65.11
1000,0.26,0.84,65.47
1000,0.26,0.86,66.43
1000,0.26,0.88,65.4
1000,0.26,0.9,65.28
1000,0.26,0.92,65.72
1000,0.26,0.94,66.02
1000,0.26,0.96,65.34
1000,0.26,0.98,65.2
1000,0.26,1.0,65.03
1000,0.26,1.02,64.92
1000,0.26,1.04,65.11
1000,0.26,1.06,65.67
1000,0.26,1.08,65.9
1000,0.28,0,65.61
1000,0.28,0.02,65.67
1000,0.28,0.04,65.4
1000,0.28,0.06,65.72
1000,0.28,0.08,65.72
1000,0.28,0.1,66.02
1000,0.28,0.12,64.82
1000,0.28,0.14,66.24
1000,0.28,0.16,64.73
1000,0.28,0.18,66.22
1000,0.28,0.2,65.81
1000,0.28,0.22,65.0
1000,0.28,0.24,65.06
1000,0.28,0.26,64.96
1000,0.28,0.28,65.86
1000,0.28,0.3,65.54
1000,0.28,0.32,66.21
1000,0.28,0.34,65.1
1000,0.28,0.36,66.06
1000,0.28,0.38,65.66
1000,0.28,0.4,66.53
1000,0.28,0.42,65.42
1000,0.28,0.44,64.86
1000,0.28,0.46,65.46
1000,0.28,0.48,66.58
1000,0.28,0.5,65.88
1000,0.28,0.52,66.27
1000,0.28,0.54,65.98
1000,0.28,0.56,66.08
1000,0.28,0.58,66.13
1000,0.28,0.6,66.21
1000,0.28,0.62,65.48
1000,0.28,0.64,65.6
1000,0.28,0.66,65.96
1000,0.28,0.68,66.05
1000,0.28,0.7,65.61
1000,0.28,0.72,66.37
1000,0.28,0.74,65.54
1000,0.28,0.76,65.5
1000,0.28,0.78,65.86
1000,0.28,0.8,65.34
1000,0.28,0.82,64.95
1000,0.28,0.84,65.75
1000,0.28,0.86,65.43
1000,0.28,0.88,66.09
1000,0.28,0.9,66.29
1000,0.28,0.92,65.82
1000,0.28,0.94,65.53
1000,0.28,0.96,65.6
1000,0.28,0.98,65.8
1000,0.28,1.0,65.62
1000,0.28,1.02,65.3
1000,0.28,1.04,65.67
1000,0.28,1.06,65.28
1000,0.28,1.08,66.31
1000,0.3,0,65.57
1000,0.3,0.02,65.94
1000,0.3,0.04,65.81
1000,0.3,0.06,65.71
1000,0.3,0.08,65.41
1000,0.3,0.1,65.77
1000,0.3,0.12,65.35
1000,0.3,0.14,65.21
1000,0.3,0.16,65.4
1000,0.3,0.18,65.7
1000,0.3,0.2,65.46
1000,0.3,0.22,65.67
1000,0.3,0.24,65.85
1000,0.3,0.26,65.44
1000,0.3,0.28,65.28
1000,0.3,0.3,65.31
1000,0.3,0.32,65.05
1000,0.3,0.34,65.31
1000,0.3,0.36,65.14
1000,0.3,0.38,66.42
1000,0.3,0.4,65.91
1000,0.3,0.42,65.66
1000,0.3,0.44,64.8
1000,0.3,0.46,66.67
1000,0.3,0.48,65.78
1000,0.3,0.5,65.68
1000,0.3,0.52,65.61
1000,0.3,0.54,65.31
1000,0.3,0.56,65.81
1000,0.3,0.58,64.96
1000,0.3,0.6,65.74
1000,0.3,0.62,65.06
1000,0.3,0.64,65.55
1000,0.3,0.66,64.77
1000,0.3,0.68,65.32
1000,0.3,0.7,64.87
1000,0.3,0.72,65.49
1000,0.3,0.74,65.61
1000,0.3,0.76,65.33
1000,0.3,0.78,65.53
1000,0.3,0.8,65.32
1000,0.3,0.82,66.12
1000,0.3,0.84,65.67
1000,0.3,0.86,65.7
1000,0.3,0.88,65.57
1000,0.3,0.9,65.25
1000,0.3,0.92,65.16
1000,0.3,0.94,64.8
1000,0.3,0.96,65.5
1000,0.3,0.98,65.19
1000,0.3,1.0,65.92
1000,0.3,1.02,65.6
1000,0.3,1.04,66.03
1000,0.3,1.06,65.47
1000,0.3,1.08,65.11
1000,0.32,0,65.1
1000,0.32,0.02,65.69
1000,0.32,0.04,65.6
1000,0.32,0.06,65.15
1000,0.32,0.08,65.49
1000,0.32,0.1,66.02
1000,0.32,0.12,65.41
1000,0.32,0.14,66.04
1000,0.32,0.16,65.91
1000,0.32,0.18,66.01
1000,0.32,0.2,65.54
1000,0.32,0.22,65.57
1000,0.32,0.24,66.47
1000,0.32,0.26,65.36
1000,0.32,0.28,66.05
1000,0.32,0.3,64.6
1000,0.32,0.32,65.93
1000,0.32,0.34,65.05
1000,0.32,0.36,66.3
1000,0.32,0.38,64.9
1000,0.32,0.4,65.66
1000,0.32,0.42,64.92
1000,0.32,0.44,65.52
1000,0.32,0.46,65.72
1000,0.32,0.48,64.9
1000,0.32,0.5,65.28
1000,0.32,0.52,65.9
1000,0.32,0.54,65.92
1000,0.32,0.56,64.79
1000,0.32,0.58,65.61
1000,0.32,0.6,65.77
1000,0.32,0.62,65.79
1000,0.32,0.64,64.82
1000,0.32,0.66,65.98
1000,0.32,0.68,64.77
1000,0.32,0.7,65.36
1000,0.32,0.72,65.82
1000,0.32,0.74,65.93
1000,0.32,0.76,66.04
1000,0.32,0.78,64.78
1000,0.32,0.8,66.41
1000,0.32,0.82,65.5
1000,0.32,0.84,65.08
1000,0.32,0.86,65.49
1000,0.32,0.88,65.47
1000,0.32,0.9,65.34
1000,0.32,0.92,65.07
1000,0.32,0.94,66.17
1000,0.32,0.96,65.89
1000,0.32,0.98,65.77
1000,0.32,1.0,65.84
1000,0.32,1.02,65.88
1000,0.32,1.04,65.93
1000,0.32,1.06,65.29
1000,0.32,1.08,65.48
1000,0.34,0,65.17
1000,0.34,0.02,65.5
1000,0.34,0.04,66.31
1000,0.34,0.06,65.58
1000,0.34,0.08,66.03
1000,0.34,0.1,65.77
1000,0.34,0.12,65.46
1000,0.34,0.14,65.09
1000,0.34,0.16,65.82
1000,0.34,0.18,64.75
1000,0.34,0.2,65.92
1000,0.34,0.22,66.22
1000,0.34,0.24,64.85
1000,0.34,0.26,65.25
1000,0.34,0.28,65.77
1000,0.34,0.3,65.93
1000,0.34,0.32,65.25
1000,0.34,0.34,64.92
1000,0.34,0.36,65.64
1000,0.34,0.38,65.99
1000,0.34,0.4,65.6
1000,0.34,0.42,65.26
1000,0.34,0.44,65.06
1000,0.34,0.46,65.1
1000,0.34,0.48,66.33
1000,0.34,0.5,65.19
1000,0.34,0.52,66.09
1000,0.34,0.54,65.64
1000,0.34,0.56,65.62
1000,0.34,0.58,66.06
1000,0.34,0.6,65.51
1000,0.34,0.62,66.53
1000,0.34,0.64,66.52
1000,0.34,0.66,65.65
1000,0.34,0.68,66.09
1000,0.34,0.7,65.68
1000,0.34,0.72,65.93
1000,0.34,0.74,65.91
1000,0.34,0.76,65.37
1000,0.34,0.78,65.98
1000,0.34,0.8,65.65
1000,0.34,0.82,65.65
1000,0.34,0.84,65.65
1000,0.34,0.86,65.49
1000,0.34,0.88,66.13
1000,0.34,0.9,66.02
1000,0.34,0.92,65.53
1000,0.34,0.94,65.58
1000,0.34,0.96,65.78
1000,0.34,0.98,66.27
1000,0.34,1.0,65.56
1000,0.34,1.02,65.99
1000,0.34,1.04,65.43
1000,0.34,1.06,66.04
1000,0.34,1.08,65.88
1000,0.36,0,65.94
1000,0.36,0.02,65.47
1000,0.36,0.04,65.48
1000,0.36,0.06,65.49
1000,0.36,0.08,65.77
1000,0.36,0.1,65.87
1000,0.36,0.12,66.14
1000,0.36,0.14,66.13
1000,0.36,0.16,64.68
1000,0.36,0.18,65.24
1000,0.36,0.2,66.3
1000,0.36,0.22,64.6
1000,0.36,0.24,65.07
1000,0.36,0.26,65.85
1000,0.36,0.28,66.34
1000,0.36,0.3,65.98
1000,0.36,0.32,65.16
1000,0.36,0.34,65.94
1000,0.36,0.36,65.6
1000,0.36,0.38,65.46
1000,0.36,0.4,65.51
1000,0.36,0.42,65.45
1000,0.36,0.44,65.57
1000,0.36,0.46,65.6
1000,0.36,0.48,65.94
1000,0.36,0.5,64.88
1000,0.36,0.52,66.22
1000,0.36,0.54,65.2
1000,0.36,0.56,66.09
1000,0.36,0.58,65.19
1000,0.36,0.6,66.18
1000,0.36,0.62,65.77
1000,0.36,0.64,65.5
1000,0.36,0.66,66.35
1000,0.36,0.68,65.71
1000,0.36,0.7,65.49
1000,0.36,0.72,66.63
1000,0.36,0.74,65.97
1000,0.36,0.76,66.38
1000,0.36,0.78,66.12
1000,0.36,0.8,66.12
1000,0.36,0.82,66.11
1000,0.36,0.84,65.73
1000,0.36,0.86,65.88
1000,0.36,0.88,65.58
1000,0.36,0.9,65.52
1000,0.36,0.92,65.44
1000,0.36,0.94,65.58
1000,0.36,0.96,65.85
1000,0.36,0.98,64.88
1000,0.36,1.0,65.44
1000,0.36,1.02,65.92
1000,0.36,1.04,65.55
1000,0.36,1.06,66.42
1000,0.36,1.08,65.63
1000,0.38,0,65.25
1000,0.38,0.02,65.47
1000,0.38,0.04,65.59
1000,0.38,0.06,64.93
1000,0.38,0.08,65.49
1000,0.38,0.1,66.47
1000,0.38,0.12,66.2
1000,0.38,0.14,66.1
1000,0.38,0.16,65.51
1000,0.38,0.18,66.03
1000,0.38,0.2,66.12
1000,0.38,0.22,66.31
1000,0.38,0.24,66.76
1000,0.38,0.26,65.88
1000,0.38,0.28,66.49
1000,0.38,0.3,65.5
1000,0.38,0.32,65.5
1000,0.38,0.34,65.85
1000,0.38,0.36,65.74
1000,0.38,0.38,65.73
1000,0.38,0.4,65.64
1000,0.38,0.42,66.04
1000,0.38,0.44,65.81
1000,0.38,0.46,66.42
1000,0.38,0.48,66.25
1000,0.38,0.5,65.68
1000,0.38,0.52,66.33
1000,0.38,0.54,65.48
1000,0.38,0.56,65.95
1000,0.38,0.58,65.76
1000,0.38,0.6,65.69
1000,0.38,0.62,65.88
1000,0.38,0.64,65.19
1000,0.38,0.66,65.66
1000,0.38,0.68,65.25
1000,0.38,0.7,65.95
1000,0.38,0.72,66.39
1000,0.38,0.74,66.43
1000,0.38,0.76,65.57
1000,0.38,0.78,65.36
1000,0.38,0.8,65.64
1000,0.38,0.82,65.18
1000,0.38,0.84,65.8
1000,0.38,0.86,65.59
1000,0.38,0.88,66.06
1000,0.38,0.9,66.04
1000,0.38,0.92,66.31
1000,0.38,0.94,65.68
1000,0.38,0.96,65.86
1000,0.38,0.98,66.34
1000,0.38,1.0,66.34
1000,0.38,1.02,66.09
1000,0.38,1.04,65.69
1000,0.38,1.06,65.34
1000,0.38,1.08,65.53
1000,0.4,0,65.47
1000,0.4,0.02,65.55
1000,0.4,0.04,65.6
1000,0.4,0.06,65.26
1000,0.4,0.08,65.86
1000,0.4,0.1,66.07
1000,0.4,0.12,65.59
1000,0.4,0.14,65.24
1000,0.4,0.16,66.31
1000,0.4,0.18,65.42
1000,0.4,0.2,66.13
1000,0.4,0.22,64.91
1000,0.4,0.24,64.97
1000,0.4,0.26,65.96
1000,0.4,0.28,66.09
1000,0.4,0.3,65.74
1000,0.4,0.32,64.96
1000,0.4,0.34,65.74
1000,0.4,0.36,65.61
1000,0.4,0.38,65.53
1000,0.4,0.4,66.02
1000,0.4,0.42,65.53
1000,0.4,0.44,64.95
1000,0.4,0.46,65.69
1000,0.4,0.48,65.66
1000,0.4,0.5,65.52
1000,0.4,0.52,65.7
1000,0.4,0.54,64.8
1000,0.4,0.56,65.39
1000,0.4,0.58,65.06
1000,0.4,0.6,65.72
1000,0.4,0.62,65.06
1000,0.4,0.64,65.31
1000,0.4,0.66,65.96
1000,0.4,0.68,65.66
1000,0.4,0.7,65.58
1000,0.4,0.72,65.83
1000,0.4,0.74,65.27
1000,0.4,0.76,67.32
1000,0.4,0.78,66.14
1000,0.4,0.8,65.99
1000,0.4,0.82,65.47
1000,0.4,0.84,64.96
1000,0.4,0.86,65.37
1000,0.4,0.88,65.08
1000,0.4,0.9,65.48
1000,0.4,0.92,65.67
1000,0.4,0.94,65.58
1000,0.4,0.96,65.56
1000,0.4,0.98,65.83
1000,0.4,1.0,65.48
1000,0.4,1.02,65.56
1000,0.4,1.04,64.78
1000,0.4,1.06,65.83
1000,0.4,1.08,65.48
1000,0.42,0,65.34
1000,0.42,0.02,65.99
1000,0.42,0.04,65.24
1000,0.42,0.06,65.29
1000,0.42,0.08,66.13
1000,0.42,0.1,65.27
1000,0.42,0.12,65.52
1000,0.42,0.14,66.13
1000,0.42,0.16,65.03
1000,0.42,0.18,66.02
1000,0.42,0.2,65.61
1000,0.42,0.22,64.96
1000,0.42,0.24,65.99
1000,0.42,0.26,65.86
1000,0.42,0.28,65.56
1000,0.42,0.3,65.14
1000,0.42,0.32,66.33
1000,0.42,0.34,65.27
1000,0.42,0.36,65.53
1000,0.42,0.38,65.41
1000,0.42,0.4,65.69
1000,0.42,0.42,65.34
1000,0.42,0.44,65.89
1000,0.42,0.46,66.04
1000,0.42,0.48,65.52
1000,0.42,0.5,65.67
1000,0.42,0.52,65.54
1000,0.42,0.54,65.27
1000,0.42,0.56,65.73
1000,0.42,0.58,66.01
1000,0.42,0.6,65.36
1000,0.42,0.62,66.08
1000,0.42,0.64,66.45
1000,0.42,0.66,66.4
1000,0.42,0.68,65.2
1000,0.42,0.7,65.36
1000,0.42,0.72,66.05
1000,0.42,0.74,65.89
1000,0.42,0.76,66.02
1000,0.42,0.78,65.79
1000,0.42,0.8,65.17
1000,0.42,0.82,65.85
1000,0.42,0.84,66.25
1000,0.42,0.86,66.05
1000,0.42,0.88,65.37
1000,0.42,0.9,66.02
1000,0.42,0.92,65.1
1000,0.42,0.94,66.01
1000,0.42,0.96,66.03
1000,0.42,0.98,66.23
1000,0.42,1.0,66.01
1000,0.42,1.02,66.09
1000,0.42,1.04,65.66
1000,0.42,1.06,66.09
1000,0.42,1.08,64.84
1000,0.44,0,65.13
1000,0.44,0.02,65.02
1000,0.44,0.04,65.35
1000,0.44,0.06,65.42
1000,0.44,0.08,65.39
1000,0.44,0.1,65.24
1000,0.44,0.12,65.54
1000,0.44,0.14,65.7
1000,0.44,0.16,65.28
1000,0.44,0.18,66.41
1000,0.44,0.2,66.05
1000,0.44,0.22,66.1
1000,0.44,0.24,65.86
1000,0.44,0.26,65.2
1000,0.44,0.28,64.87
1000,0.44,0.3,65.43
1000,0.44,0.32,66.25
1000,0.44,0.34,64.96
1000,0.44,0.36,65.23
1000,0.44,0.38,65.55
1000,0.44,0.4,65.1
1000,0.44,0.42,66.04
1000,0.44,0.44,66.03
1000,0.44,0.46,66.19
1000,0.44,0.48,65.51
1000,0.44,0.5,65.26
1000,0.44,0.52,66.15
1000,0.44,0.54,66.07
1000,0.44,0.56,65.64
1000,0.44,0.58,66.33
1000,0.44,0.6,65.73
1000,0.44,0.62,65.88
1000,0.44,0.64,65.64
1000,0.44,0.66,65.37
1000,0.44,0.68,65.33
1000,0.44,0.7,65.49
1000,0.44,0.72,65.47
1000,0.44,0.74,65.77
1000,0.44,0.76,65.51
1000,0.44,0.78,65.75
1000,0.44,0.8,65.98
1000,0.44,0.82,65.41
1000,0.44,0.84,66.19
1000,0.44,0.86,66.22
1000,0.44,0.88,65.67
1000,0.44,0.9,66.5
1000,0.44,0.92,65.94
1000,0.44,0.94,65.88
1000,0.44,0.96,65.77
1000,0.44,0.98,65.18
1000,0.44,1.0,65.34
1000,0.44,1.02,65.8
1000,0.44,1.04,64.88
1000,0.44,1.06,65.19
1000,0.44,1.08,65.08
1000,0.46,0,65.47
1000,0.46,0.02,65.19
1000,0.46,0.04,65.93
1000,0.46,0.06,65.65
1000,0.46,0.08,65.91
1000,0.46,0.1,65.45
1000,0.46,0.12,65.51
1000,0.46,0.14,65.06
1000,0.46,0.16,65.52
1000,0.46,0.18,65.23
1000,0.46,0.2,64.99
1000,0.46,0.22,66.06
1000,0.46,0.24,66.39
1000,0.46,0.26,65.94
1000,0.46,0.28,65.26
1000,0.46,0.3,65.26
1000,0.46,0.32,65.81
1000,0.46,0.34,65.94
1000,0.46,0.36,65.6
1000,0.46,0.38,65.47
1000,0.46,0.4,65.75
1000,0.46,0.42,66.28
1000,0.46,0.44,66.67
1000,0.46,0.46,66.09
1000,0.46,0.48,66.09
1000,0.46,0.5,65.77
1000,0.46,0.52,65.91
1000,0.46,0.54,65.65
1000,0.46,0.56,65.33
1000,0.46,0.58,66.08
1000,0.46,0.6,65.34
1000,0.46,0.62,66.8
1000,0.46,0.64,66.0
1000,0.46,0.66,64.98
1000,0.46,0.68,65.99
1000,0.46,0.7,65.72
1000,0.46,0.72,65.52
1000,0.46,0.74,65.52
1000,0.46,0.76,66.25
1000,0.46,0.78,65.75
1000,0.46,0.8,66.17
1000,0.46,0.82,66.07
1000,0.46,0.84,65.49
1000,0.46,0.86,65.19
1000,0.46,0.88,65.84
1000,0.46,0.9,65.03
1000,0.46,0.92,65.96
1000,0.46,0.94,66.25
1000,0.46,0.96,65.39
1000,0.46,0.98,65.19
1000,0.46,1.0,65.96
1000,0.46,1.02,65.24
1000,0.46,1.04,65.91
1000,0.46,1.06,65.66
1000,0.46,1.08,66.13
1000,0.48,0,64.73
1000,0.48,0.02,66.03
1000,0.48,0.04,65.23
1000,0.48,0.06,65.47
1000,0.48,0.08,65.67
1000,0.48,0.1,65.26
1000,0.48,0.12,65.31
1000,0.48,0.14,65.85
1000,0.48,0.16,65.53
1000,0.48,0.18,65.83
1000,0.48,0.2,66.27
1000,0.48,0.22,66.09
1000,0.48,0.24,65.39
1000,0.48,0.26,65.41
1000,0.48,0.28,66.38
1000,0.48,0.3,65.45
1000,0.48,0.32,66.06
1000,0.48,0.34,66.41
1000,0.48,0.36,65.81
1000,0.48,0.38,66.08
1000,0.48,0.4,66.27
1000,0.48,0.42,65.71
1000,0.48,0.44,65.74
1000,0.48,0.46,66.25
1000,0.48,0.48,66.05
1000,0.48,0.5,65.69
1000,0.48,0.52,65.58
1000,0.48,0.54,65.79
1000,0.48,0.56,65.87
1000,0.48,0.58,65.55
1000,0.48,0.6,66.66
1000,0.48,0.62,65.61
1000,0.48,0.64,65.99
1000,0.48,0.66,65.17
1000,0.48,0.68,66.34
1000,0.48,0.7,64.95
1000,0.48,0.72,65.57
1000,0.48,0.74,65.93
1000,0.48,0.76,65.24
1000,0.48,0.78,65.81
1000,0.48,0.8,65.12
1000,0.48,0.82,65.47
1000,0.48,0.84,66.49
1000,0.48,0.86,65.77
1000,0.48,0.88,65.69
1000,0.48,0.9,65.6
1000,0.48,0.92,65.02
1000,0.48,0.94,65.54
1000,0.48,0.96,65.83
1000,0.48,0.98,65.62
1000,0.48,1.0,65.34
1000,0.48,1.02,66.24
1000,0.48,1.04,65.81
1000,0.48,1.06,65.38
1000,0.48,1.08,65.55
1000,0.5,0,66.23
1000,0.5,0.02,65.63
1000,0.5,0.04,64.98
1000,0.5,0.06,65.09
1000,0.5,0.08,66.0
1000,0.5,0.1,65.09
1000,0.5,0.12,64.74
1000,0.5,0.14,65.94
1000,0.5,0.16,65.83
1000,0.5,0.18,65.44
1000,0.5,0.2,65.73
1000,0.5,0.22,65.67
1000,0.5,0.24,65.39
1000,0.5,0.26,64.91
1000,0.5,0.28,65.89
1000,0.5,0.3,65.42
1000,0.5,0.32,64.95
1000,0.5,0.34,65.22
1000,0.5,0.36,65.41
1000,0.5,0.38,65.15
1000,0.5,0.4,66.33
1000,0.5,0.42,65.47
1000,0.5,0.44,65.79
1000,0.5,0.46,66.19
1000,0.5,0.48,65.56
1000,0.5,0.5,65.18
1000,0.5,0.52,65.97
1000,0.5,0.54,66.24
1000,0.5,0.56,65.35
1000,0.5,0.58,65.83
1000,0.5,0.6,65.81
1000,0.5,0.62,65.54
1000,0.5,0.64,65.44
1000,0.5,0.66,65.9
1000,0.5,0.68,66.24
1000,0.5,0.7,65.89
1000,0.5,0.72,65.39
1000,0.5,0.74,66.09
1000,0.5,0.76,65.81
1000,0.5,0.78,65.21
1000,0.5,0.8,65.79
1000,0.5,0.82,65.89
1000,0.5,0.84,65.57
1000,0.5,0.86,65.57
1000,0.5,0.88,65.36
1000,0.5,0.9,66.09
1000,0.5,0.92,66.28
1000,0.5,0.94,65.67
1000,0.5,0.96,66.19
1000,0.5,0.98,66.06
1000,0.5,1.0,66.18
1000,0.5,1.02,65.56
1000,0.5,1.04,65.33
1000,0.5,1.06,65.32
1000,0.5,1.08,65.9
1000,0.52,0,65.49
1000,0.52,0.02,64.77
1000,0.52,0.04,65.7
1000,0.52,0.06,65.28
1000,0.52,0.08,65.46
1000,0.52,0.1,66.3
1000,0.52,0.12,66.05
1000,0.52,0.14,65.93
1000,0.52,0.16,65.68
1000,0.52,0.18,65.36
1000,0.52,0.2,65.63
1000,0.52,0.22,64.49
1000,0.52,0.24,65.53
1000,0.52,0.26,65.55
1000,0.52,0.28,65.87
1000,0.52,0.3,65.74
1000,0.52,0.32,66.33
1000,0.52,0.34,65.9
1000,0.52,0.36,64.82
1000,0.52,0.38,65.91
1000,0.52,0.4,65.78
1000,0.52,0.42,66.03
1000,0.52,0.44,65.65
1000,0.52,0.46,65.21
1000,0.52,0.48,65.75
1000,0.52,0.5,64.73
1000,0.52,0.52,65.85
1000,0.52,0.54,65.64
1000,0.52,0.56,66.51
1000,0.52,0.58,66.04
1000,0.52,0.6,65.35
1000,0.52,0.62,65.48
1000,0.52,0.64,64.97
1000,0.52,0.66,66.23
1000,0.52,0.68,65.82
1000,0.52,0.7,65.7
1000,0.52,0.72,65.67
1000,0.52,0.74,65.82
1000,0.52,0.76,65.94
1000,0.52,0.78,66.05
1000,0.52,0.8,65.84
1000,0.52,0.82,65.22
1000,0.52,0.84,66.01
1000,0.52,0.86,65.97
1000,0.52,0.88,65.89
1000,0.52,0.9,65.84
1000,0.52,0.92,65.83
1000,0.52,0.94,65.75
1000,0.52,0.96,65.33
1000,0.52,0.98,66.08
1000,0.52,1.0,66.33
1000,0.52,1.02,65.71
1000,0.52,1.04,65.6
1000,0.52,1.06,66.1
1000,0.52,1.08,66.08
1000,0.54,0,65.45
1000,0.54,0.02,65.37
1000,0.54,0.04,65.22
1000,0.54,0.06,65.85
1000,0.54,0.08,65.25
1000,0.54,0.1,65.44
1000,0.54,0.12,65.57
1000,0.54,0.14,65.57
1000,0.54,0.16,64.94
1000,0.54,0.18,65.66
1000,0.54,0.2,65.53
1000,0.54,0.22,65.83
1000,0.54,0.24,65.48
1000,0.54,0.26,64.84
1000,0.54,0.28,65.64
1000,0.54,0.3,65.24
1000,0.54,0.32,65.08
1000,0.54,0.34,65.92
1000,0.54,0.36,66.1
1000,0.54,0.38,64.84
1000,0.54,0.4,65.98
1000,0.54,0.42,65.55
1000,0.54,0.44,66.45
1000,0.54,0.46,66.14
1000,0.54,0.48,65.53
1000,0.54,0.5,65.53
1000,0.54,0.52,65.72
1000,0.54,0.54,65.61
1000,0.54,0.56,65.67
1000,0.54,0.58,65.33
1000,0.54,0.6,66.32
1000,0.54,0.62,66.21
1000,0.54,0.64,66.16
1000,0.54,0.66,65.36
1000,0.54,0.68,65.14
1000,0.54,0.7,65.3
1000,0.54,0.72,66.77
1000,0.54,0.74,65.04
1000,0.54,0.76,65.76
1000,0.54,0.78,65.43
1000,0.54,0.8,65.23
1000,0.54,0.82,66.52
1000,0.54,0.84,65.71
1000,0.54,0.86,65.35
1000,0.54,0.88,65.37
1000,0.54,0.9,65.7
1000,0.54,0.92,66.03
1000,0.54,0.94,65.08
1000,0.54,0.96,65.86
1000,0.54,0.98,65.93
1000,0.54,1.0,65.0
1000,0.54,1.02,65.54
1000,0.54,1.04,65.29
1000,0.54,1.06,65.37
1000,0.54,1.08,66.08
1000,0.56,0,65.51
1000,0.56,0.02,65.75
1000,0.56,0.04,65.36
1000,0.56,0.06,65.31
1000,0.56,0.08,65.6
1000,0.56,0.1,64.83
1000,0.56,0.12,65.48
1000,0.56,0.14,65.4
1000,0.56,0.16,65.64
1000,0.56,0.18,65.69
1000,0.56,0.2,65.4
1000,0.56,0.22,65.38
1000,0.56,0.24,65.95
1000,0.56,0.26,65.7
1000,0.56,0.28,65.43
1000,0.56,0.3,66.03
1000,0.56,0.32,65.98
1000,0.56,0.34,66.56
1000,0.56,0.36,65.88
1000,0.56,0.38,65.76
1000,0.56,0.4,66.01
1000,0.56,0.42,65.79
1000,0.56,0.44,65.99
1000,0.56,0.46,65.58
1000,0.56,0.48,65.85
1000,0.56,0.5,65.85
1000,0.56,0.52,65.44
1000,0.56,0.54,65.0
1000,0.56,0.56,65.96
1000,0.56,0.58,65.89
1000,0.56,0.6,65.99
1000,0.56,0.62,66.61
1000,0.56,0.64,65.96
1000,0.56,0.66,66.51
1000,0.56,0.68,65.68
1000,0.56,0.7,66.12
1000,0.56,0.72,65.2
1000,0.56,0.74,65.54
1000,0.56,0.76,66.04
1000,0.56,0.78,65.24
1000,0.56,0.8,66.14
1000,0.56,0.82,65.55
1000,0.56,0.84,65.94
1000,0.56,0.86,66.46
1000,0.56,0.88,65.72
1000,0.56,0.9,65.22
1000,0.56,0.92,66.44
1000,0.56,0.94,66.29
1000,0.56,0.96,66.54
1000,0.56,0.98,65.79
1000,0.56,1.0,65.83
1000,0.56,1.02,66.06
1000,0.56,1.04,65.69
1000,0.56,1.06,65.51
1000,0.56,1.08,65.95
1000,0.58,0,65.62
1000,0.58,0.02,65.6
1000,0.58,0.04,65.78
1000,0.58,0.06,65.77
1000,0.58,0.08,66.5
1000,0.58,0.1,65.61
1000,0.58,0.12,65.68
1000,0.58,0.14,65.78
1000,0.58,0.16,65.74
1000,0.58,0.18,65.55
1000,0.58,0.2,66.19
1000,0.58,0.22,66.06
1000,0.58,0.24,66.27
1000,0.58,0.26,65.31
1000,0.58,0.28,65.9
1000,0.58,0.3,65.7
1000,0.58,0.32,65.82
1000,0.58,0.34,65.23
1000,0.58,0.36,65.48
1000,0.58,0.38,65.62
1000,0.58,0.4,66.0
1000,0.58,0.42,66.31
1000,0.58,0.44,65.6
1000,0.58,0.46,65.84
1000,0.58,0.48,66.22
1000,0.58,0.5,66.07
1000,0.58,0.52,65.41
1000,0.58,0.54,65.56
1000,0.58,0.56,65.21
1000,0.58,0.58,65.7
1000,0.58,0.6,65.88
1000,0.58,0.62,65.38
1000,0.58,0.64,65.56
1000,0.58,0.66,65.4
1000,0.58,0.68,65.85
1000,0.58,0.7,65.9
1000,0.58,0.72,65.52
1000,0.58,0.74,65.34
1000,0.58,0.76,65.56
1000,0.58,0.78,65.67
1000,0.58,0.8,65.56
1000,0.58,0.82,66.27
1000,0.58,0.84,65.16
1000,0.58,0.86,65.1
1000,0.58,0.88,65.75
1000,0.58,0.9,65.49
1000,0.58,0.92,66.33
1000,0.58,0.94,65.62
1000,0.58,0.96,66.05
1000,0.58,0.98,65.59
1000,0.58,1.0,65.24
1000,0.58,1.02,66.36
1000,0.58,1.04,65.45
1000,0.58,1.06,65.8
1000,0.58,1.08,65.36
1000,0.6,0,65.67
1000,0.6,0.02,65.41
1000,0.6,0.04,65.61
1000,0.6,0.06,65.05
1000,0.6,0.08,66.63
1000,0.6,0.1,65.64
1000,0.6,0.12,65.59
1000,0.6,0.14,65.13
1000,0.6,0.16,65.52
1000,0.6,0.18,65.0
1000,0.6,0.2,65.89
1000,0.6,0.22,64.79
1000,0.6,0.24,66.11
1000,0.6,0.26,65.4
1000,0.6,0.28,65.94
1000,0.6,0.3,66.04
1000,0.6,0.32,65.41
1000,0.6,0.34,64.97
1000,0.6,0.36,65.55
1000,0.6,0.38,65.72
1000,0.6,0.4,65.34
1000,0.6,0.42,65.14
1000,0.6,0.44,66.05
1000,0.6,0.46,65.89
1000,0.6,0.48,66.47
1000,0.6,0.5,66.4
1000,0.6,0.52,65.87
1000,0.6,0.54,65.18
1000,0.6,0.56,66.09
1000,0.6,0.58,66.21
1000,0.6,0.6,65.73
1000,0.6,0.62,66.55
1000,0.6,0.64,65.84
1000,0.6,0.66,65.35
1000,0.6,0.68,66.26
1000,0.6,0.7,65.0
1000,0.6,0.72,66.26
1000,0.6,0.74,65.56
1000,0.6,0.76,65.78
1000,0.6,0.78,65.45
1000,0.6,0.8,65.97
1000,0.6,0.82,65.6
1000,0.6,0.84,65.51
1000,0.6,0.86,65.83
1000,0.6,0.88,66.21
1000,0.6,0.9,65.84
1000,0.6,0.92,66.08
1000,0.6,0.94,65.99
1000,0.6,0.96,65.91
1000,0.6,0.98,65.41
1000,0.6,1.0,65.95
1000,0.6,1.02,65.16
1000,0.6,1.04,65.59
1000,0.6,1.06,66.31
1000,0.6,1.08,65.78
1000,0.62,0,65.55
1000,0.62,0.02,64.82
1000,0.62,0.04,65.92
1000,0.62,0.06,65.71
1000,0.62,0.08,65.89
1000,0.62,0.1,65.6
1000,0.62,0.12,65.29
1000,0.62,0.14,64.77
1000,0.62,0.16,65.17
1000,0.62,0.18,65.62
1000,0.62,0.2,65.99
1000,0.62,0.22,66.03
1000,0.62,0.24,65.77
1000,0.62,0.26,64.98
1000,0.62,0.28,64.97
1000,0.62,0.3,65.7
1000,0.62,0.32,65.95
1000,0.62,0.34,65.38
1000,0.62,0.36,64.98
1000,0.62,0.38,65.04
1000,0.62,0.4,66.39
1000,0.62,0.42,66.27
1000,0.62,0.44,65.94
1000,0.62,0.46,66.24
1000,0.62,0.48,65.84
1000,0.62,0.5,66.05
1000,0.62,0.52,66.21
1000,0.62,0.54,65.79
1000,0.62,0.56,66.37
1000,0.62,0.58,65.9
1000,0.62,0.6,66.63
1000,0.62,0.62,64.57
1000,0.62,0.64,66.31
1000,0.62,0.66,65.93
1000,0.62,0.68,65.64
1000,0.62,0.7,66.12
1000,0.62,0.72,65.9
1000,0.62,0.74,65.94
1000,0.62,0.76,65.18
1000,0.62,0.78,64.42
1000,0.62,0.8,65.97
1000,0.62,0.82,66.79
1000,0.62,0.84,65.38
1000,0.62,0.86,65.73
1000,0.62,0.88,66.32
1000,0.62,0.9,65.89
1000,0.62,0.92,65.61
1000,0.62,0.94,64.88
1000,0.62,0.96,65.45
1000,0.62,0.98,65.75
1000,0.62,1.0,65.77
1000,0.62,1.02,65.51
1000,0.62,1.04,65.74
1000,0.62,1.06,65.52
1000,0.62,1.08,65.78
1000,0.64,0,65.59
1000,0.64,0.02,65.86
1000,0.64,0.04,65.24
1000,0.64,0.06,65.39
1000,0.64,0.08,66.53
1000,0.64,0.1,65.19
1000,0.64,0.12,65.61
1000,0.64,0.14,65.15
1000,0.64,0.16,65.78
1000,0.64,0.18,65.31
1000,0.64,0.2,65.71
1000,0.64,0.22,65.58
1000,0.64,0.24,65.2
1000,0.64,0.26,64.78
1000,0.64,0.28,66.26
1000,0.64,0.3,65.66
1000,0.64,0.32,65.65
1000,0.64,0.34,65.63
1000,0.64,0.36,65.8
1000,0.64,0.38,65.64
1000,0.64,0.4,66.31
1000,0.64,0.42,65.15
1000,0.64,0.44,66.28
1000,0.64,0.46,65.37
1000,0.64,0.48,66.04
1000,0.64,0.5,65.46
1000,0.64,0.52,65.61
1000,0.64,0.54,65.96
1000,0.64,0.56,65.7
1000,0.64,0.58,65.75
1000,0.64,0.6,65.09
1000,0.64,0.62,64.86
1000,0.64,0.64,65.61
1000,0.64,0.66,64.89
1000,0.64,0.68,65.71
1000,0.64,0.7,65.5
1000,0.64,0.72,65.6
1000,0.64,0.74,65.97
1000,0.64,0.76,65.55
1000,0.64,0.78,65.75
1000,0.64,0.8,65.79
1000,0.64,0.82,66.3
1000,0.64,0.84,66.11
1000,0.64,0.86,66.21
1000,0.64,0.88,65.95
1000,0.64,0.9,65.14
1000,0.64,0.92,65.35
1000,0.64,0.94,65.38
1000,0.64,0.96,65.28
1000,0.64,0.98,64.84
1000,0.64,1.0,65.67
1000,0.64,1.02,65.67
1000,0.64,1.04,65.37
1000,0.64,1.06,65.22
1000,0.64,1.08,66.42
1000,0.66,0,65.62
1000,0.66,0.02,66.41
1000,0.66,0.04,66.35
1000,0.66,0.06,64.88
1000,0.66,0.08,65.32
1000,0.66,0.1,65.25
1000,0.66,0.12,65.07
1000,0.66,0.14,65.19
1000,0.66,0.16,65.02
1000,0.66,0.18,66.24
1000,0.66,0.2,66.27
1000,0.66,0.22,66.15
1000,0.66,0.24,65.44
1000,0.66,0.26,66.04
1000,0.66,0.28,65.82
1000,0.66,0.3,65.52
1000,0.66,0.32,65.36
1000,0.66,0.34,65.82
1000,0.66,0.36,65.8
1000,0.66,0.38,65.07
1000,0.66,0.4,64.68
1000,0.66,0.42,66.38
1000,0.66,0.44,66.03
1000,0.66,0.46,65.89
1000,0.66,0.48,65.86
1000,0.66,0.5,66.18
1000,0.66,0.52,66.11
1000,0.66,0.54,66.65
1000,0.66,0.56,66.15
1000,0.66,0.58,65.53
1000,0.66,0.6,65.57
1000,0.66,0.62,65.37
1000,0.66,0.64,65.32
1000,0.66,0.66,65.89
1000,0.66,0.68,65.93
1000,0.66,0.7,65.93
1000,0.66,0.72,65.99
1000,0.66,0.74,65.25
1000,0.66,0.76,66.19
1000,0.66,0.78,65.16
1000,0.66,0.8,65.38
1000,0.66,0.82,65.14
1000,0.66,0.84,64.69
1000,0.66,0.86,66.28
1000,0.66,0.88,65.53
1000,0.66,0.9,65.21
1000,0.66,0.92,65.84
1000,0.66,0.94,65.64
1000,0.66,0.96,65.85
1000,0.66,0.98,65.31
1000,0.66,1.0,65.6
1000,0.66,1.02,65.54
1000,0.66,1.04,66.08
1000,0.66,1.06,66.3
1000,0.66,1.08,65.58
1000,0.68,0,65.5
1000,0.68,0.02,65.53
1000,0.68,0.04,64.78
1000,0.68,0.06,65.53
1000,0.68,0.08,65.48
1000,0.68,0.1,65.8
1000,0.68,0.12,65.37
1000,0.68,0.14,65.65
1000,0.68,0.16,65.16
1000,0.68,0.18,65.59
1000,0.68,0.2,65.34
1000,0.68,0.22,66.6
1000,0.68,0.24,64.95
1000,0.68,0.26,65.58
1000,0.68,0.28,65.91
1000,0.68,0.3,65.31
1000,0.68,0.32,65.87
1000,0.68,0.34,65.21
1000,0.68,0.36,66.12
1000,0.68,0.38,65.5
1000,0.68,0.4,65.92
1000,0.68,0.42,66.58
1000,0.68,0.44,65.0
1000,0.68,0.46,65.16
1000,0.68,0.48,65.32
1000,0.68,0.5,65.64
1000,0.68,0.52,65.82
1000,0.68,0.54,65.47
1000,0.68,0.56,66.38
1000,0.68,0.58,65.81
1000,0.68,0.6,65.63
1000,0.68,0.62,66.1
1000,0.68,0.64,66.09
1000,0.68,0.66,65.93
1000,0.68,0.68,65.76
1000,0.68,0.7,66.34
1000,0.68,0.72,64.94
1000,0.68,0.74,65.26
1000,0.68,0.76,66.49
1000,0.68,0.78,66.47
1000,0.68,0.8,65.52
1000,0.68,0.82,65.67
1000,0.68,0.84,65.52
1000,0.68,0.86,65.46
1000,0.68,0.88,65.18
1000,0.68,0.9,65.43
1000,0.68,0.92,66.11
1000,0.68,0.94,66.03
1000,0.68,0.96,65.77
1000,0.68,0.98,65.91
1000,0.68,1.0,65.46
1000,0.68,1.02,65.39
1000,0.68,1.04,65.17
1000,0.68,1.06,65.97
1000,0.68,1.08,65.3
1000,0.7,0,66.34
1000,0.7,0.02,65.77
1000,0.7,0.04,65.83
1000,0.7,0.06,65.65
1000,0.7,0.08,65.38
1000,0.7,0.1,65.62
1000,0.7,0.12,65.36
1000,0.7,0.14,65.95
1000,0.7,0.16,65.97
1000,0.7,0.18,65.63
1000,0.7,0.2,65.52
1000,0.7,0.22,65.39
1000,0.7,0.24,66.12
1000,0.7,0.26,66.02
1000,0.7,0.28,65.84
1000,0.7,0.3,65.61
1000,0.7,0.32,65.78
1000,0.7,0.34,65.25
1000,0.7,0.36,65.29
1000,0.7,0.38,65.66
1000,0.7,0.4,65.84
1000,0.7,0.42,65.12
1000,0.7,0.44,65.42
1000,0.7,0.46,65.87
1000,0.7,0.48,65.33
1000,0.7,0.5,66.25
1000,0.7,0.52,65.54
1000,0.7,0.54,66.0
1000,0.7,0.56,65.59
1000,0.7,0.58,65.6
1000,0.7,0.6,65.48
1000,0.7,0.62,65.63
1000,0.7,0.64,65.59
1000,0.7,0.66,65.77
1000,0.7,0.68,65.36
1000,0.7,0.7,65.14
1000,0.7,0.72,65.73
1000,0.7,0.74,66.48
1000,0.7,0.76,65.24
1000,0.7,0.78,66.05
1000,0.7,0.8,66.23
1000,0.7,0.82,64.89
1000,0.7,0.84,65.67
1000,0.7,0.86,65.76
1000,0.7,0.88,65.92
1000,0.7,0.9,65.23
1000,0.7,0.92,65.84
1000,0.7,0.94,65.74
1000,0.7,0.96,65.88
1000,0.7,0.98,64.91
1000,0.7,1.0,65.2
1000,0.7,1.02,65.71
1000,0.7,1.04,66.03
1000,0.7,1.06,65.87
1000,0.7,1.08,65.25
1000,0.72,0,65.48
1000,0.72,0.02,65.64
1000,0.72,0.04,65.52
1000,0.72,0.06,64.63
1000,0.72,0.08,65.33
1000,0.72,0.1,65.69
1000,0.72,0.12,66.19
1000,0.72,0.14,65.91
1000,0.72,0.16,66.53
1000,0.72,0.18,65.71
1000,0.72,0.2,65.96
1000,0.72,0.22,65.59
1000,0.72,0.24,66.31
1000,0.72,0.26,65.39
1000,0.72,0.28,65.18
1000,0.72,0.3,65.65
1000,0.72,0.32,65.62
1000,0.72,0.34,66.08
1000,0.72,0.36,65.82
1000,0.72,0.38,65.45
1000,0.72,0.4,65.35
1000,0.72,0.42,65.51
1000,0.72,0.44,65.66
1000,0.72,0.46,65.86
1000,0.72,0.48,65.49
1000,0.72,0.5,65.84
1000,0.72,0.52,66.4
1000,0.72,0.54,65.69
1000,0.72,0.56,65.53
1000,0.72,0.58,65.45
1000,0.72,0.6,65.22
1000,0.72,0.62,66.11
1000,0.72,0.64,66.48
1000,0.72,0.66,65.5
1000,0.72,0.68,66.22
1000,0.72,0.7,65.03
1000,0.72,0.72,65.19
1000,0.72,0.74,65.76
1000,0.72,0.76,65.83
1000,0.72,0.78,66.25
1000,0.72,0.8,65.63
1000,0.72,0.82,65.12
1000,0.72,0.84,65.26
1000,0.72,0.86,65.92
1000,0.72,0.88,65.74
1000,0.72,0.9,65.1
1000,0.72,0.92,65.75
1000,0.72,0.94,65.17
1000,0.72,0.96,65.97
1000,0.72,0.98,66.03
1000,0.72,1.0,65.44
1000,0.72,1.02,66.24
1000,0.72,1.04,65.61
1000,0.72,1.06,65.1
1000,0.72,1.08,65.6
1000,0.74,0,65.38
1000,0.74,0.02,66.14
1000,0.74,0.04,64.56
1000,0.74,0.06,65.11
1000,0.74,0.08,65.63
1000,0.74,0.1,65.48
1000,0.74,0.12,66.25
1000,0.74,0.14,65.49
1000,0.74,0.16,66.11
1000,0.74,0.18,65.78
1000,0.74,0.2,66.13
1000,0.74,0.22,65.58
1000,0.74,0.24,65.5
1000,0.74,0.26,65.63
1000,0.74,0.28,65.44
1000,0.74,0.3,65.96
1000,0.74,0.32,66.17
1000,0.74,0.34,65.25
1000,0.74,0.36,65.69
1000,0.74,0.38,65.23
1000,0.74,0.4,66.0
1000,0.74,0.42,65.33
1000,0.74,0.44,65.47
1000,0.74,0.46,66.35
1000,0.74,0.48,65.81
1000,0.74,0.5,65.34
1000,0.74,0.52,65.97
1000,0.74,0.54,66.1
1000,0.74,0.56,66.13
1000,0.74,0.58,66.08
1000,0.74,0.6,65.14
1000,0.74,0.62,66.2
1000,0.74,0.64,65.1
1000,0.74,0.66,66.24
1000,0.74,0.68,66.24
1000,0.74,0.7,66.02
1000,0.74,0.72,66.39
1000,0.74,0.74,65.25
1000,0.74,0.76,66.02
1000,0.74,0.78,64.89
1000,0.74,0.8,66.86
1000,0.74,0.82,65.5
1000,0.74,0.84,66.19
1000,0.74,0.86,65.84
1000,0.74,0.88,65.84
1000,0.74,0.9,66.3
1000,0.74,0.92,65.31
1000,0.74,0.94,64.81
1000,0.74,0.96,65.98
1000,0.74,0.98,65.93
1000,0.74,1.0,66.17
1000,0.74,1.02,65.58
1000,0.74,1.04,65.76
1000,0.74,1.06,66.4
1000,0.74,1.08,65.63
1000,0.76,0,65.59
1000,0.76,0.02,64.96
1000,0.76,0.04,66.34
1000,0.76,0.06,65.8
1000,0.76,0.08,65.51
1000,0.76,0.1,65.84
1000,0.76,0.12,64.95
1000,0.76,0.14,65.13
1000,0.76,0.16,66.53
1000,0.76,0.18,65.89
1000,0.76,0.2,65.86
1000,0.76,0.22,65.52
1000,0.76,0.24,65.67
1000,0.76,0.26,65.49
1000,0.76,0.28,64.86
1000,0.76,0.3,65.94
1000,0.76,0.32,65.5
1000,0.76,0.34,65.55
1000,0.76,0.36,65.45
1000,0.76,0.38,66.14
1000,0.76,0.4,65.36
1000,0.76,0.42,65.52
1000,0.76,0.44,66.22
1000,0.76,0.46,65.42
1000,0.76,0.48,66.41
1000,0.76,0.5,65.26
1000,0.76,0.52,65.1
1000,0.76,0.54,65.73
1000,0.76,0.56,65.71
1000,0.76,0.58,65.44
1000,0.76,0.6,66.12
1000,0.76,0.62,65.69
1000,0.76,0.64,65.99
1000,0.76,0.66,65.21
1000,0.76,0.68,65.43
1000,0.76,0.7,65.04
1000,0.76,0.72,65.09
1000,0.76,0.74,66.58
1000,0.76,0.76,65.82
1000,0.76,0.78,65.13
1000,0.76,0.8,65.5
1000,0.76,0.82,65.33
1000,0.76,0.84,65.89
1000,0.76,0.86,65.9
1000,0.76,0.88,65.85
1000,0.76,0.9,65.59
1000,0.76,0.92,65.68
1000,0.76,0.94,65.72
1000,0.76,0.96,65.28
1000,0.76,0.98,66.24
1000,0.76,1.0,65.69
1000,0.76,1.02,64.95
1000,0.76,1.04,65.91
1000,0.76,1.06,65.13
1000,0.76,1.08,66.34
1000,0.78,0,64.99
1000,0.78,0.02,65.41
1000,0.78,0.04,65.02
1000,0.78,0.06,66.01
1000,0.78,0.08,65.43
1000,0.78,0.1,65.46
1000,0.78,0.12,65.63
1000,0.78,0.14,65.96
1000,0.78,0.16,66.33
1000,0.78,0.18,65.83
1000,0.78,0.2,65.12
1000,0.78,0.22,65.5
1000,0.78,0.24,65.88
1000,0.78,0.26,65.7
1000,0.78,0.28,65.26
1000,0.78,0.3,65.7
1000,0.78,0.32,66.17
1000,0.78,0.34,65.8
1000,0.78,0.36,65.27
1000,0.78,0.38,65.6
1000,0.78,0.4,65.72
1000,0.78,0.42,65.18
1000,0.78,0.44,65.83
1000,0.78,0.46,65.33
1000,0.78,0.48,65.96
1000,0.78,0.5,65.9
1000,0.78,0.52,66.28
1000,0.78,0.54,65.89
1000,0.78,0.56,65.33
1000,0.78,0.58,66.46
1000,0.78,0.6,66.07
1000,0.78,0.62,66.24
1000,0.78,0.64,65.11
1000,0.78,0.66,66.24
1000,0.78,0.68,65.65
1000,0.78,0.7,65.98
1000,0.78,0.72,66.69
1000,0.78,0.74,65.58
1000,0.78,0.76,65.5
1000,0.78,0.78,66.31
1000,0.78,0.8,65.95
1000,0.78,0.82,65.31
1000,0.78,0.84,65.85
1000,0.78,0.86,65.67
1000,0.78,0.88,65.29
1000,0.78,0.9,65.3
1000,0.78,0.92,65.52
1000,0.78,0.94,66.12
1000,0.78,0.96,65.8
1000,0.78,0.98,65.38
1000,0.78,1.0,65.26
1000,0.78,1.02,65.23
1000,0.78,1.04,65.22
1000,0.78,1.06,65.56
1000,0.78,1.08,65.27
1000,0.8,0,66.09
1000,0.8,0.02,65.16
1000,0.8,0.04,64.8
1000,0.8,0.06,64.92
1000,0.8,0.08,65.22
1000,0.8,0.1,65.81
1000,0.8,0.12,65.52
1000,0.8,0.14,65.97
1000,0.8,0.16,65.48
1000,0.8,0.18,66.2
1000,0.8,0.2,65.22
1000,0.8,0.22,65.41
1000,0.8,0.24,65.49
1000,0.8,0.26,65.15
1000,0.8,0.28,65.72
1000,0.8,0.3,66.55
1000,0.8,0.32,65.88
1000,0.8,0.34,65.69
1000,0.8,0.36,65.34
1000,0.8,0.38,65.72
1000,0.8,0.4,65.7
1000,0.8,0.42,65.42
1000,0.8,0.44,65.49
1000,0.8,0.46,65.72
1000,0.8,0.48,65.98
1000,0.8,0.5,66.05
1000,0.8,0.52,65.98
1000,0.8,0.54,66.51
1000,0.8,0.56,65.51
1000,0.8,0.58,66.2
1000,0.8,0.6,64.99
1000,0.8,0.62,65.66
1000,0.8,0.64,65.84
1000,0.8,0.66,65.75
1000,0.8,0.68,65.96
1000,0.8,0.7,66.05
1000,0.8,0.72,65.63
1000,0.8,0.74,66.34
1000,0.8,0.76,65.51
1000,0.8,0.78,66.36
1000,0.8,0.8,65.02
1000,0.8,0.82,66.48
1000,0.8,0.84,65.37
1000,0.8,0.86,65.94
1000,0.8,0.88,65.1
1000,0.8,0.9,66.08
1000,0.8,0.92,66.02
1000,0.8,0.94,65.69
1000,0.8,0.96,65.64
1000,0.8,0.98,66.7
1000,0.8,1.0,66.5
1000,0.8,1.02,65.73
1000,0.8,1.04,65.26
1000,0.8,1.06,65.71
1000,0.8,1.08,66.1
1000,0.82,0,66.26
1000,0.82,0.02,65.82
1000,0.82,0.04,66.17
1000,0.82,0.06,64.87
1000,0.82,0.08,65.12
1000,0.82,0.1,65.26
1000,0.82,0.12,65.14
1000,0.82,0.14,65.61
1000,0.82,0.16,65.74
1000,0.82,0.18,66.16
1000,0.82,0.2,65.71
1000,0.82,0.22,66.27
1000,0.82,0.24,65.52
1000,0.82,0.26,66.1
1000,0.82,0.28,65.83
1000,0.82,0.3,65.95
1000,0.82,0.32,64.94
1000,0.82,0.34,65.45
1000,0.82,0.36,65.28
1000,0.82,0.38,66.06
1000,0.82,0.4,64.75
1000,0.82,0.42,65.7
1000,0.82,0.44,65.46
1000,0.82,0.46,65.59
1000,0.82,0.48,66.09
1000,0.82,0.5,64.84
1000,0.82,0.52,66.1
1000,0.82,0.54,66.1
1000,0.82,0.56,65.97
1000,0.82,0.58,65.29
1000,0.82,0.6,65.43
1000,0.82,0.62,65.93
1000,0.82,0.64,65.6
1000,0.82,0.66,65.96
1000,0.82,0.68,65.82
1000,0.82,0.7,64.59
1000,0.82,0.72,65.44
1000,0.82,0.74,65.85
1000,0.82,0.76,65.69
1000,0.82,0.78,65.5
1000,0.82,0.8,66.17
1000,0.82,0.82,65.82
1000,0.82,0.84,66.02
1000,0.82,0.86,66.36
1000,0.82,0.88,65.46
1000,0.82,0.9,65.55
1000,0.82,0.92,65.31
1000,0.82,0.94,65.78
1000,0.82,0.96,66.04
1000,0.82,0.98,66.11
1000,0.82,1.0,66.06
1000,0.82,1.02,66.2
1000,0.82,1.04,65.75
1000,0.82,1.06,65.16
1000,0.82,1.08,65.33
1000,0.84,0,65.32
1000,0.84,0.02,65.39
1000,0.84,0.04,65.94
1000,0.84,0.06,65.38
1000,0.84,0.08,65.04
1000,0.84,0.1,65.23
1000,0.84,0.12,65.59
1000,0.84,0.14,65.84
1000,0.84,0.16,66.47
1000,0.84,0.18,64.33
1000,0.84,0.2,65.64
1000,0.84,0.22,65.89
1000,0.84,0.24,66.22
1000,0.84,0.26,65.91
1000,0.84,0.28,65.6
1000,0.84,0.3,65.42
1000,0.84,0.32,65.19
1000,0.84,0.34,66.0
1000,0.84,0.36,65.06
1000,0.84,0.38,65.91
1000,0.84,0.4,65.99
1000,0.84,0.42,65.87
1000,0.84,0.44,66.05
1000,0.84,0.46,65.11
1000,0.84,0.48,65.56
1000,0.84,0.5,65.7
1000,0.84,0.52,66.1
1000,0.84,0.54,66.21
1000,0.84,0.56,65.84
1000,0.84,0.58,65.64
1000,0.84,0.6,64.9
1000,0.84,0.62,65.37
1000,0.84,0.64,65.52
1000,0.84,0.66,65.56
1000,0.84,0.68,65.74
1000,0.84,0.7,65.05
1000,0.84,0.72,65.65
1000,0.84,0.74,66.0
1000,0.84,0.76,65.97
1000,0.84,0.78,65.39
1000,0.84,0.8,65.65
1000,0.84,0.82,66.03
1000,0.84,0.84,66.3
1000,0.84,0.86,65.56
1000,0.84,0.88,65.95
1000,0.84,0.9,66.24
1000,0.84,0.92,65.37
1000,0.84,0.94,65.83
1000,0.84,0.96,65.96
1000,0.84,0.98,66.47
1000,0.84,1.0,65.42
1000,0.84,1.02,65.41
1000,0.84,1.04,65.75
1000,0.84,1.06,66.13
1000,0.84,1.08,65.37
1000,0.86,0,65.05
1000,0.86,0.02,65.13
1000,0.86,0.04,64.3
1000,0.86,0.06,66.02
1000,0.86,0.08,65.75
1000,0.86,0.1,65.83
1000,0.86,0.12,65.3
1000,0.86,0.14,65.43
1000,0.86,0.16,66.09
1000,0.86,0.18,65.34
1000,0.86,0.2,65.59
1000,0.86,0.22,66.08
1000,0.86,0.24,65.97
1000,0.86,0.26,65.82
1000,0.86,0.28,65.86
1000,0.86,0.3,65.62
1000,0.86,0.32,66.07
1000,0.86,0.34,65.36
1000,0.86,0.36,65.51
1000,0.86,0.38,65.11
1000,0.86,0.4,65.67
1000,0.86,0.42,66.36
1000,0.86,0.44,65.59
1000,0.86,0.46,65.93
1000,0.86,0.48,65.41
1000,0.86,0.5,66.01
1000,0.86,0.52,65.42
1000,0.86,0.54,65.6
1000,0.86,0.56,65.09
1000,0.86,0.58,65.22
1000,0.86,0.6,65.77
1000,0.86,0.62,66.17
1000,0.86,0.64,65.54
1000,0.86,0.66,65.99
1000,0.86,0.68,66.37
1000,0.86,0.7,65.34
1000,0.86,0.72,65.47
1000,0.86,0.74,65.62
1000,0.86,0.76,66.19
1000,0.86,0.78,65.46
1000,0.86,0.8,65.69
1000,0.86,0.82,65.15
1000,0.86,0.84,66.44
1000,0.86,0.86,65.54
1000,0.86,0.88,65.57
1000,0.86,0.9,65.38
1000,0.86,0.92,65.69
1000,0.86,0.94,64.93
1000,0.86,0.96,66.27
1000,0.86,0.98,65.52
1000,0.86,1.0,66.09
1000,0.86,1.02,65.69
1000,0.86,1.04,65.96
1000,0.86,1.06,65.7
1000,0.86,1.08,65.56
1000,0.88,0,65.61
1000,0.88,0.02,65.92
1000,0.88,0.04,65.85
1000,0.88,0.06,64.98
1000,0.88,0.08,65.77
1000,0.88,0.1,65.73
1000,0.88,0.12,65.29
1000,0.88,0.14,66.07
1000,0.88,0.16,65.28
1000,0.88,0.18,65.36
1000,0.88,0.2,65.68
1000,0.88,0.22,65.83
1000,0.88,0.24,65.36
1000,0.88,0.26,65.17
1000,0.88,0.28,65.2
1000,0.88,0.3,66.08
1000,0.88,0.32,65.93
1000,0.88,0.34,66.53
1000,0.88,0.36,65.13
1000,0.88,0.38,65.59
1000,0.88,0.4,65.66
1000,0.88,0.42,65.73
1000,0.88,0.44,65.87
1000,0.88,0.46,65.7
1000,0.88,0.48,64.98
1000,0.88,0.5,66.07
1000,0.88,0.52,65.49
1000,0.88,0.54,65.64
1000,0.88,0.56,65.93
1000,0.88,0.58,65.75
1000,0.88,0.6,65.04
1000,0.88,0.62,65.28
1000,0.88,0.64,66.12
1000,0.88,0.66,65.76
1000,0.88,0.68,65.45
1000,0.88,0.7,65.79
1000,0.88,0.72,65.41
1000,0.88,0.74,67.08
1000,0.88,0.76,65.68
1000,0.88,0.78,66.13
1000,0.88,0.8,65.94
1000,0.88,0.82,65.37
1000,0.88,0.84,66.49
1000,0.88,0.86,65.53
1000,0.88,0.88,65.2
1000,0.88,0.9,65.83
1000,0.88,0.92,65.12
1000,0.88,0.94,65.44
1000,0.88,0.96,65.91
1000,0.88,0.98,65.61
1000,0.88,1.0,65.65
1000,0.88,1.02,65.66
1000,0.88,1.04,65.43
1000,0.88,1.06,65.38
1000,0.88,1.08,65.89
1000,0.9,0,65.64
1000,0.9,0.02,65.51
1000,0.9,0.04,65.89
1000,0.9,0.06,65.73
1000,0.9,0.08,64.97
1000,0.9,0.1,65.16
1000,0.9,0.12,65.81
1000,0.9,0.14,66.28
1000,0.9,0.16,66.04
1000,0.9,0.18,65.45
1000,0.9,0.2,66.3
1000,0.9,0.22,65.47
1000,0.9,0.24,65.74
1000,0.9,0.26,66.39
1000,0.9,0.28,65.8
1000,0.9,0.3,66.16
1000,0.9,0.32,65.38
1000,0.9,0.34,65.93
1000,0.9,0.36,65.55
1000,0.9,0.38,65.44
1000,0.9,0.4,65.42
1000,0.9,0.42,65.65
1000,0.9,0.44,65.78
1000,0.9,0.46,66.42
1000,0.9,0.48,65.78
1000,0.9,0.5,66.68
1000,0.9,0.52,65.52
1000,0.9,0.54,65.16
1000,0.9,0.56,65.29
1000,0.9,0.58,65.78
1000,0.9,0.6,65.62
1000,0.9,0.62,65.52
1000,0.9,0.64,65.54
1000,0.9,0.66,65.79
1000,0.9,0.68,65.1
1000,0.9,0.7,66.7
1000,0.9,0.72,65.82
1000,0.9,0.74,66.38
1000,0.9,0.76,66.17
1000,0.9,0.78,65.44
1000,0.9,0.8,66.23
1000,0.9,0.82,65.61
1000,0.9,0.84,65.64
1000,0.9,0.86,65.86
1000,0.9,0.88,65.46
1000,0.9,0.9,65.85
1000,0.9,0.92,65.65
1000,0.9,0.94,65.84
1000,0.9,0.96,65.76
1000,0.9,0.98,66.02
1000,0.9,1.0,65.85
1000,0.9,1.02,66.34
1000,0.9,1.04,65.37
1000,0.9,1.06,66.34
1000,0.9,1.08,65.54
1000,0.92,0,66.28
1000,0.92,0.02,66.08
1000,0.92,0.04,65.82
1000,0.92,0.06,64.98
1000,0.92,0.08,65.69
1000,0.92,0.1,65.93
1000,0.92,0.12,65.32
1000,0.92,0.14,66.15
1000,0.92,0.16,66.86
1000,0.92,0.18,65.98
1000,0.92,0.2,65.28
1000,0.92,0.22,65.93
1000,0.92,0.24,65.26
1000,0.92,0.26,65.87
1000,0.92,0.28,66.8
1000,0.92,0.3,65.54
1000,0.92,0.32,66.31
1000,0.92,0.34,65.51
1000,0.92,0.36,65.61
1000,0.92,0.38,65.5
1000,0.92,0.4,66.51
1000,0.92,0.42,66.37
1000,0.92,0.44,65.94
1000,0.92,0.46,65.59
1000,0.92,0.48,65.14
1000,0.92,0.5,66.33
1000,0.92,0.52,65.96
1000,0.92,0.54,66.06
1000,0.92,0.56,66.26
1000,0.92,0.58,66.32
1000,0.92,0.6,65.22
1000,0.92,0.62,66.14
1000,0.92,0.64,64.5
1000,0.92,0.66,66.08
1000,0.92,0.68,65.4
1000,0.92,0.7,65.42
1000,0.92,0.72,65.26
1000,0.92,0.74,65.5
1000,0.92,0.76,65.69
1000,0.92,0.78,66.03
1000,0.92,0.8,65.44
1000,0.92,0.82,65.91
1000,0.92,0.84,66.23
1000,0.92,0.86,66.57
1000,0.92,0.88,66.48
1000,0.92,0.9,65.23
1000,0.92,0.92,66.01
1000,0.92,0.94,66.15
1000,0.92,0.96,65.24
1000,0.92,0.98,65.29
1000,0.92,1.0,66.32
1000,0.92,1.02,65.71
1000,0.92,1.04,65.59
1000,0.92,1.06,66.23
1000,0.92,1.08,65.77
1000,0.94,0,65.78
1000,0.94,0.02,65.64
1000,0.94,0.04,65.48
1000,0.94,0.06,65.37
1000,0.94,0.08,65.52
1000,0.94,0.1,65.89
1000,0.94,0.12,65.75
1000,0.94,0.14,65.86
1000,0.94,0.16,66.1
1000,0.94,0.18,66.02
1000,0.94,0.2,65.89
1000,0.94,0.22,65.91
1000,0.94,0.24,65.59
1000,0.94,0.26,65.82
1000,0.94,0.28,65.35
1000,0.94,0.3,65.92
1000,0.94,0.32,64.34
1000,0.94,0.34,65.28
1000,0.94,0.36,65.77
1000,0.94,0.38,65.69
1000,0.94,0.4,65.75
1000,0.94,0.42,65.5
1000,0.94,0.44,65.13
1000,0.94,0.46,65.6
1000,0.94,0.48,65.92
1000,0.94,0.5,65.8
1000,0.94,0.52,65.64
1000,0.94,0.54,65.13
1000,0.94,0.56,65.09
1000,0.94,0.58,65.61
1000,0.94,0.6,65.7
1000,0.94,0.62,65.19
1000,0.94,0.64,65.15
1000,0.94,0.66,66.2
1000,0.94,0.68,65.44
1000,0.94,0.7,66.17
1000,0.94,0.72,65.68
1000,0.94,0.74,64.92
1000,0.94,0.76,65.67
1000,0.94,0.78,65.42
1000,0.94,0.8,65.66
1000,0.94,0.82,65.35
1000,0.94,0.84,65.51
1000,0.94,0.86,66.12
1000,0.94,0.88,66.08
1000,0.94,0.9,66.28
1000,0.94,0.92,66.43
1000,0.94,0.94,66.69
1000,0.94,0.96,65.88
1000,0.94,0.98,65.92
1000,0.94,1.0,65.86
1000,0.94,1.02,65.21
1000,0.94,1.04,66.07
1000,0.94,1.06,65.87
1000,0.94,1.08,64.95
1000,0.96,0,66.25
1000,0.96,0.02,65.95
1000,0.96,0.04,64.79
1000,0.96,0.06,65.75
1000,0.96,0.08,65.76
1000,0.96,0.1,66.0
1000,0.96,0.12,65.99
1000,0.96,0.14,66.14
1000,0.96,0.16,65.61
1000,0.96,0.18,65.48
1000,0.96,0.2,66.04
1000,0.96,0.22,65.72
1000,0.96,0.24,65.8
1000,0.96,0.26,65.53
1000,0.96,0.28,65.76
1000,0.96,0.3,66.03
1000,0.96,0.32,64.96
1000,0.96,0.34,66.0
1000,0.96,0.36,65.8
1000,0.96,0.38,65.36
1000,0.96,0.4,66.4
1000,0.96,0.42,66.61
1000,0.96,0.44,65.85
1000,0.96,0.46,65.4
1000,0.96,0.48,65.9
1000,0.96,0.5,66.49
1000,0.96,0.52,66.39
1000,0.96,0.54,65.62
1000,0.96,0.56,65.75
1000,0.96,0.58,66.06
1000,0.96,0.6,65.41
1000,0.96,0.62,65.35
1000,0.96,0.64,65.65
1000,0.96,0.66,65.84
1000,0.96,0.68,65.5
1000,0.96,0.7,65.61
1000,0.96,0.72,66.04
1000,0.96,0.74,65.66
1000,0.96,0.76,65.61
1000,0.96,0.78,65.56
1000,0.96,0.8,65.48
1000,0.96,0.82,66.17
1000,0.96,0.84,65.99
1000,0.96,0.86,65.6
1000,0.96,0.88,65.12
1000,0.96,0.9,65.64
1000,0.96,0.92,66.02
1000,0.96,0.94,65.85
1000,0.96,0.96,65.65
1000,0.96,0.98,66.29
1000,0.96,1.0,65.78
1000,0.96,1.02,65.59
1000,0.96,1.04,65.76
1000,0.96,1.06,66.05
1000,0.96,1.08,65.9
1000,0.98,0,65.7
1000,0.98,0.02,65.73
1000,0.98,0.04,65.02
1000,0.98,0.06,65.18
1000,0.98,0.08,65.52
1000,0.98,0.1,67.06
1000,0.98,0.12,65.75
1000,0.98,0.14,66.25
1000,0.98,0.16,65.4
1000,0.98,0.18,64.72
1000,0.98,0.2,66.04
1000,0.98,0.22,65.68
1000,0.98,0.24,65.27
1000,0.98,0.26,65.18
1000,0.98,0.28,65.55
1000,0.98,0.3,65.9
1000,0.98,0.32,65.78
1000,0.98,0.34,65.38
1000,0.98,0.36,65.52
1000,0.98,0.38,65.76
1000,0.98,0.4,65.1
1000,0.98,0.42,65.64
1000,0.98,0.44,65.98
1000,0.98,0.46,66.53
1000,0.98,0.48,65.52
1000,0.98,0.5,65.99
1000,0.98,0.52,66.31
1000,0.98,0.54,65.47
1000,0.98,0.56,66.01
1000,0.98,0.58,65.61
1000,0.98,0.6,66.05
1000,0.98,0.62,65.49
1000,0.98,0.64,66.15
1000,0.98,0.66,65.94
1000,0.98,0.68,66.5
1000,0.98,0.7,65.61
1000,0.98,0.72,64.9
1000,0.98,0.74,65.95
1000,0.98,0.76,66.3
1000,0.98,0.78,65.47
1000,0.98,0.8,65.78
1000,0.98,0.82,65.86
1000,0.98,0.84,65.87
1000,0.98,0.86,65.42
1000,0.98,0.88,65.87
1000,0.98,0.9,66.04
1000,0.98,0.92,65.0
1000,0.98,0.94,65.64
1000,0.98,0.96,65.12
1000,0.98,0.98,65.38
1000,0.98,1.0,65.39
1000,0.98,1.02,65.0
1000,0.98,1.04,66.05
1000,0.98,1.06,65.16
1000,0.98,1.08,65.99
1000,1.0,0,65.41
1000,1.0,0.02,65.73
1000,1.0,0.04,65.77
1000,1.0,0.06,66.33
1000,1.0,0.08,65.39
1000,1.0,0.1,66.12
1000,1.0,0.12,65.81
1000,1.0,0.14,66.1
1000,1.0,0.16,65.41
1000,1.0,0.18,65.28
1000,1.0,0.2,65.05
1000,1.0,0.22,65.8
1000,1.0,0.24,65.91
1000,1.0,0.26,66.15
1000,1.0,0.28,66.11
1000,1.0,0.3,66.08
1000,1.0,0.32,66.44
1000,1.0,0.34,66.41
1000,1.0,0.36,66.24
1000,1.0,0.38,66.05
1000,1.0,0.4,66.14
1000,1.0,0.42,65.61
1000,1.0,0.44,66.05
1000,1.0,0.46,65.76
1000,1.0,0.48,65.94
1000,1.0,0.5,65.28
1000,1.0,0.52,65.62
1000,1.0,0.54,65.49
1000,1.0,0.56,66.05
1000,1.0,0.58,66.18
1000,1.0,0.6,65.47
1000,1.0,0.62,65.49
1000,1.0,0.64,65.82
1000,1.0,0.66,65.31
1000,1.0,0.68,65.4
1000,1.0,0.7,65.77
1000,1.0,0.72,65.52
1000,1.0,0.74,65.65
1000,1.0,0.76,66.13
1000,1.0,0.78,65.52
1000,1.0,0.8,65.7
1000,1.0,0.82,66.14
1000,1.0,0.84,65.45
1000,1.0,0.86,65.24
1000,1.0,0.88,65.25
1000,1.0,0.9,65.76
1000,1.0,0.92,65.53
1000,1.0,0.94,64.94
1000,1.0,0.96,65.26
1000,1.0,0.98,65.98
1000,1.0,1.0,66.06
1000,1.0,1.02,66.53
1000,1.0,1.04,65.01
1000,1.0,1.06,66.08
1000,1.0,1.08,65.97
1000,1.02,0,66.21
1000,1.02,0.02,65.11
1000,1.02,0.04,65.76
1000,1.02,0.06,65.83
1000,1.02,0.08,65.78
1000,1.02,0.1,65.77
1000,1.02,0.12,65.11
1000,1.02,0.14,65.9
1000,1.02,0.16,65.77
1000,1.02,0.18,65.14
1000,1.02,0.2,67.19
1000,1.02,0.22,66.08
1000,1.02,0.24,65.29
1000,1.02,0.26,66.19
1000,1.02,0.28,65.43
1000,1.02,0.3,65.42
1000,1.02,0.32,66.18
1000,1.02,0.34,65.6
1000,1.02,0.36,66.44
1000,1.02,0.38,66.1
1000,1.02,0.4,65.37
1000,1.02,0.42,65.51
1000,1.02,0.44,66.48
1000,1.02,0.46,65.98
1000,1.02,0.48,65.78
1000,1.02,0.5,65.89
1000,1.02,0.52,65.87
1000,1.02,0.54,65.78
1000,1.02,0.56,66.78
1000,1.02,0.58,65.53
1000,1.02,0.6,65.58
1000,1.02,0.62,65.36
1000,1.02,0.64,65.93
1000,1.02,0.66,65.88
1000,1.02,0.68,66.22
1000,1.02,0.7,65.83
1000,1.02,0.72,66.19
1000,1.02,0.74,65.66
1000,1.02,0.76,65.98
1000,1.02,0.78,65.67
1000,1.02,0.8,66.26
1000,1.02,0.82,65.19
1000,1.02,0.84,66.05
1000,1.02,0.86,66.37
1000,1.02,0.88,65.48
1000,1.02,0.9,65.6
1000,1.02,0.92,65.75
1000,1.02,0.94,66.32
1000,1.02,0.96,66.2
1000,1.02,0.98,65.73
1000,1.02,1.0,66.56
1000,1.02,1.02,65.68
1000,1.02,1.04,64.83
1000,1.02,1.06,65.97
1000,1.02,1.08,66.38
1000,1.04,0,64.8
1000,1.04,0.02,65.55
1000,1.04,0.04,64.97
1000,1.04,0.06,66.15
1000,1.04,0.08,65.33
1000,1.04,0.1,66.25
1000,1.04,0.12,65.95
1000,1.04,0.14,65.22
1000,1.04,0.16,65.41
1000,1.04,0.18,66.22
1000,1.04,0.2,65.35
1000,1.04,0.22,65.93
1000,1.04,0.24,65.96
1000,1.04,0.26,65.45
1000,1.04,0.28,65.48
1000,1.04,0.3,66.5
1000,1.04,0.32,66.35
1000,1.04,0.34,66.23
1000,1.04,0.36,65.56
1000,1.04,0.38,65.14
1000,1.04,0.4,66.53
1000,1.04,0.42,65.32
1000,1.04,0.44,65.28
1000,1.04,0.46,65.47
1000,1.04,0.48,66.14
1000,1.04,0.5,65.62
1000,1.04,0.52,65.86
1000,1.04,0.54,66.52
1000,1.04,0.56,65.49
1000,1.04,0.58,66.25
1000,1.04,0.6,65.81
1000,1.04,0.62,65.57
1000,1.04,0.64,66.43
1000,1.04,0.66,65.96
1000,1.04,0.68,65.49
1000,1.04,0.7,65.58
1000,1.04,0.72,66.53
1000,1.04,0.74,65.66
1000,1.04,0.76,65.7
1000,1.04,0.78,66.09
1000,1.04,0.8,65.84
1000,1.04,0.82,66.11
1000,1.04,0.84,65.35
1000,1.04,0.86,65.3
1000,1.04,0.88,66.51
1000,1.04,0.9,65.41
1000,1.04,0.92,65.76
1000,1.04,0.94,65.32
1000,1.04,0.96,65.99
1000,1.04,0.98,65.43
1000,1.04,1.0,64.99
1000,1.04,1.02,65.93
1000,1.04,1.04,65.45
1000,1.04,1.06,65.81
1000,1.04,1.08,66.09
1000,1.06,0,65.04
1000,1.06,0.02,65.11
1000,1.06,0.04,65.9
1000,1.06,0.06,65.83
1000,1.06,0.08,66.12
1000,1.06,0.1,65.4
1000,1.06,0.12,66.21
1000,1.06,0.14,65.85
1000,1.06,0.16,66.1
1000,1.06,0.18,65.02
1000,1.06,0.2,65.83
1000,1.06,0.22,65.18
1000,1.06,0.24,65.48
1000,1.06,0.26,65.63
1000,1.06,0.28,65.39
1000,1.06,0.3,65.83
1000,1.06,0.32,65.5
1000,1.06,0.34,66.05
1000,1.06,0.36,65.39
1000,1.06,0.38,65.99
1000,1.06,0.4,64.97
1000,1.06,0.42,65.45
1000,1.06,0.44,66.49
1000,1.06,0.46,66.4
1000,1.06,0.48,66.42
1000,1.06,0.5,65.96
1000,1.06,0.52,65.94
1000,1.06,0.54,66.03
1000,1.06,0.56,65.57
1000,1.06,0.58,65.71
1000,1.06,0.6,64.85
1000,1.06,0.62,65.81
1000,1.06,0.64,65.29
1000,1.06,0.66,65.62
1000,1.06,0.68,65.93
1000,1.06,0.7,66.13
1000,1.06,0.72,66.16
1000,1.06,0.74,66.43
1000,1.06,0.76,65.41
1000,1.06,0.78,66.65
1000,1.06,0.8,66.2
1000,1.06,0.82,65.94
1000,1.06,0.84,65.53
1000,1.06,0.86,65.91
1000,1.06,0.88,65.83
1000,1.06,0.9,65.55
1000,1.06,0.92,65.45
1000,1.06,0.94,66.03
1000,1.06,0.96,65.92
1000,1.06,0.98,65.56
1000,1.06,1.0,65.41
1000,1.06,1.02,66.27
1000,1.06,1.04,66.07
1000,1.06,1.06,66.18
1000,1.06,1.08,66.75
1000,1.08,0,64.99
1000,1.08,0.02,65.34
1000,1.08,0.04,65.05
1000,1.08,0.06,65.39
1000,1.08,0.08,65.48
1000,1.08,0.1,65.69
1000,1.08,0.12,66.72
1000,1.08,0.14,66.49
1000,1.08,0.16,65.73
1000,1.08,0.18,65.33
1000,1.08,0.2,65.63
1000,1.08,0.22,65.78
1000,1.08,0.24,65.5
1000,1.08,0.26,66.06
1000,1.08,0.28,65.69
1000,1.08,0.3,65.46
1000,1.08,0.32,65.94
1000,1.08,0.34,66.61
1000,1.08,0.36,65.93
1000,1.08,0.38,65.79
1000,1.08,0.4,65.73
1000,1.08,0.42,66.07
1000,1.08,0.44,65.39
1000,1.08,0.46,65.78
1000,1.08,0.48,66.31
1000,1.08,0.5,65.69
1000,1.08,0.52,65.98
1000,1.08,0.54,65.87
1000,1.08,0.56,65.0
1000,1.08,0.58,65.49
1000,1.08,0.6,66.24
1000,1.08,0.62,65.22
1000,1.08,0.64,65.56
1000,1.08,0.66,65.92
1000,1.08,0.68,65.43
1000,1.08,0.7,65.76
1000,1.08,0.72,65.76
1000,1.08,0.74,66.08
1000,1.08,0.76,65.79
1000,1.08,0.78,65.88
1000,1.08,0.8,66.18
1000,1.08,0.82,65.14
1000,1.08,0.84,66.27
1000,1.08,0.86,66.06
1000,1.08,0.88,66.17
1000,1.08,0.9,65.95
1000,1.08,0.92,66.18
1000,1.08,0.94,65.83
1000,1.08,0.96,65.95
1000,1.08,0.98,65.98
1000,1.08,1.0,65.73
1000,1.08,1.02,65.95
1000,1.08,1.04,65.69
1000,1.08,1.06,65.53
1000,1.08,1.08,66.69